<?xml version='1.0' encoding='UTF-8' standalone='no'?>
<sbml xmlns="http://www.sbml.org/sbml/level3/version1/core" layout:required="false" xmlns:arrays="http://www.sbml.org/sbml/level3/version1/arrays/version1" xmlns:fbc="http://www.sbml.org/sbml/level3/version1/fbc/version1" xmlns:comp="http://www.sbml.org/sbml/level3/version1/comp/version1" level="3" arrays:required="true" comp:required="true" xmlns:layout="http://www.sbml.org/sbml/level3/version1/layout/version1" version="1" fbc:required="false">
  <model name="fba" id="fba">
    <comp:listOfPorts xmlns:comp="http://www.sbml.org/sbml/level3/version1/comp/version1">
      <comp:port comp:id="R3_port" comp:idRef="R3" sboTerm="SBO:0000599"/>
      <comp:port comp:id="r1_port_1" comp:idRef="r1" sboTerm="SBO:0000599"/>
    </comp:listOfPorts>
    <listOfCompartments>
      <compartment name="Cell" constant="true" id="Cell" size="1" spatialDimensions="3"/>
    </listOfCompartments>
    <listOfSpecies>
      <species boundaryCondition="true" constant="false" hasOnlySubstanceUnits="true" initialAmount="0" compartment="Cell" id="A"/>
      <species boundaryCondition="false" constant="false" hasOnlySubstanceUnits="true" initialAmount="0" compartment="Cell" id="B1"/>
      <species boundaryCondition="false" constant="false" hasOnlySubstanceUnits="true" initialAmount="0" compartment="Cell" id="B2"/>
      <species boundaryCondition="true" constant="false" hasOnlySubstanceUnits="true" initialAmount="0" compartment="Cell" id="C"/>
    </listOfSpecies>
    <listOfParameters>
      <parameter constant="false" id="lb" value="0"/>
      <parameter constant="false" id="r1" value="0"/>
      <parameter constant="false" id="ub" value="1000"/>
      <parameter constant="false" id="unknown" value="0"/>
    </listOfParameters>
    <listOfReactions>
      <reaction fast="false" id="R1" reversible="false">
        <listOfReactants>
          <speciesReference stoichiometry="1" constant="false" species="A"/>
        </listOfReactants>
        <listOfProducts>
          <speciesReference stoichiometry="1" constant="false" species="B1"/>
        </listOfProducts>
        <kineticLaw>
          <math xmlns="http://www.w3.org/1998/Math/MathML">          
            <cn> 0 </cn>
          </math>
                </kineticLaw>
      </reaction>
      <reaction fast="false" id="R2" reversible="false">
        <listOfReactants>
          <speciesReference stoichiometry="1" constant="false" species="B1"/>
        </listOfReactants>
        <listOfProducts>
          <speciesReference stoichiometry="1" constant="false" species="B2"/>
        </listOfProducts>
        <kineticLaw>
          <math xmlns="http://www.w3.org/1998/Math/MathML">          
            <cn> 0 </cn>
          </math>
                </kineticLaw>
      </reaction>
      <reaction fast="false" id="R3" reversible="false">
        <listOfReactants>
          <speciesReference stoichiometry="1" constant="false" species="B2"/>
        </listOfReactants>
        <listOfProducts>
          <speciesReference stoichiometry="1" constant="false" species="C"/>
        </listOfProducts>
        <kineticLaw>
          <math xmlns="http://www.w3.org/1998/Math/MathML">          
            <cn> 0 </cn>
          </math>
                </kineticLaw>
      </reaction>
    </listOfReactions>
  </model>
</sbml>