<?xml version='1.0' encoding='UTF-8' standalone='no'?>
<sbml xmlns="http://www.sbml.org/sbml/level3/version1/core" layout:required="false" xmlns:arrays="http://www.sbml.org/sbml/level3/version1/arrays/version1" xmlns:fbc="http://www.sbml.org/sbml/level3/version1/fbc/version1" xmlns:comp="http://www.sbml.org/sbml/level3/version1/comp/version1" level="3" arrays:required="true" comp:required="true" xmlns:layout="http://www.sbml.org/sbml/level3/version1/layout/version1" version="1" fbc:required="false">
  <comp:listOfExternalModelDefinitions xmlns:comp="http://www.sbml.org/sbml/level3/version1/comp/version1">
    <comp:externalModelDefinition comp:id="fba" comp:source="fba.xml"/>
    <comp:externalModelDefinition comp:id="fba_update" comp:source="fba_update.xml"/>
    <comp:externalModelDefinition comp:id="kinetik" comp:source="kinetik.xml"/>
  </comp:listOfExternalModelDefinitions>
  <model name="Top level" id="Top_level" metaid="iBioSim1">
    <comp:listOfSubmodels xmlns:comp="http://www.sbml.org/sbml/level3/version1/comp/version1">
      <comp:submodel comp:id="fba" comp:modelRef="fba" metaid="iBioSim11"/>
      <comp:submodel comp:id="fba_update" comp:modelRef="fba_update" metaid="iBioSim12"/>
      <comp:submodel comp:id="kinetik" comp:modelRef="kinetik" metaid="iBioSim13"/>
    </comp:listOfSubmodels>
    <comp:listOfPorts xmlns:comp="http://www.sbml.org/sbml/level3/version1/comp/version1">
      <comp:port comp:id="R3_port__fba" comp:idRef="fba" sboTerm="SBO:0000601">
        <comp:sBaseRef comp:portRef="R3_port"/>
      </comp:port>
      <comp:port comp:id="r1_port_1__fba" comp:idRef="fba" sboTerm="SBO:0000601">
        <comp:sBaseRef comp:portRef="r1_port_1"/>
      </comp:port>
      <comp:port comp:id="C_port__fba_update" comp:idRef="fba_update" sboTerm="SBO:0000601">
        <comp:sBaseRef comp:portRef="C_port"/>
      </comp:port>
      <comp:port comp:id="p_port__fba_update" comp:idRef="fba_update" sboTerm="SBO:0000601">
        <comp:sBaseRef comp:portRef="p_port"/>
      </comp:port>
      <comp:port comp:id="C_port__kinetik" comp:idRef="kinetik" sboTerm="SBO:0000601">
        <comp:sBaseRef comp:portRef="C_port"/>
      </comp:port>
    </comp:listOfPorts>
    <layout:listOfLayouts xmlns:layout="http://www.sbml.org/sbml/level3/version1/layout/version1" xmlns:xsi="http://www.w3.org/2001/XMLSchema-instance">
      <layout:layout layout:id="iBioSim">
        <layout:dimensions layout:height="425" layout:depth="0" layout:width="1070"/>
        <layout:listOfAdditionalGraphicalObjects>
          <layout:generalGlyph layout:id="Glyph__equation_1" layout:metaidRef="equation_1">
            <layout:boundingBox>
              <layout:position layout:x="80" layout:y="240"/>
              <layout:dimensions layout:height="50" layout:width="50"/>
            </layout:boundingBox>
            <layout:listOfReferenceGlyphs>
              <layout:referenceGlyph layout:id="Glyph__equation_1__product__p" layout:role="product" layout:glyph="Glyph__p">
                <layout:curve>
                  <layout:listOfCurveSegments>
                    <layout:curveSegment xsi:type="LineSegment">
                      <layout:start layout:x="105" layout:y="265"/>
                      <layout:end layout:x="215" layout:y="15"/>
                    </layout:curveSegment>
                  </layout:listOfCurveSegments>
                </layout:curve>
              </layout:referenceGlyph>
            </layout:listOfReferenceGlyphs>
          </layout:generalGlyph>
          <layout:generalGlyph layout:id="Glyph__equation_2" layout:metaidRef="equation_2">
            <layout:boundingBox>
              <layout:position layout:x="100" layout:y="300"/>
              <layout:dimensions layout:height="50" layout:width="50"/>
            </layout:boundingBox>
            <layout:listOfReferenceGlyphs>
              <layout:referenceGlyph layout:id="Glyph__equation_2__product__boundary" layout:role="product" layout:glyph="Glyph__boundary">
                <layout:curve>
                  <layout:listOfCurveSegments>
                    <layout:curveSegment xsi:type="LineSegment">
                      <layout:start layout:x="125" layout:y="325"/>
                      <layout:end layout:x="135" layout:y="255"/>
                    </layout:curveSegment>
                  </layout:listOfCurveSegments>
                </layout:curve>
              </layout:referenceGlyph>
            </layout:listOfReferenceGlyphs>
          </layout:generalGlyph>
          <layout:generalGlyph layout:id="Glyph__boundary" layout:reference="boundary">
            <layout:boundingBox>
              <layout:position layout:x="120" layout:y="240"/>
              <layout:dimensions layout:height="30" layout:width="30"/>
            </layout:boundingBox>
          </layout:generalGlyph>
          <layout:generalGlyph layout:id="Glyph__k" layout:reference="k">
            <layout:boundingBox>
              <layout:position layout:x="140" layout:y="280"/>
              <layout:dimensions layout:height="30" layout:width="30"/>
            </layout:boundingBox>
          </layout:generalGlyph>
          <layout:generalGlyph layout:id="Glyph__k_R4" layout:reference="k_R4">
            <layout:boundingBox>
              <layout:position layout:x="160" layout:y="320"/>
              <layout:dimensions layout:height="30" layout:width="30"/>
            </layout:boundingBox>
          </layout:generalGlyph>
          <layout:generalGlyph layout:id="Glyph__kf" layout:reference="kf">
            <layout:boundingBox>
              <layout:position layout:x="180" layout:y="360"/>
              <layout:dimensions layout:height="30" layout:width="30"/>
            </layout:boundingBox>
          </layout:generalGlyph>
          <layout:generalGlyph layout:id="Glyph__p" layout:reference="p">
            <layout:boundingBox>
              <layout:position layout:x="200" layout:y="0"/>
              <layout:dimensions layout:height="30" layout:width="30"/>
            </layout:boundingBox>
          </layout:generalGlyph>
          <layout:generalGlyph layout:id="Glyph__unknown" layout:reference="unknown">
            <layout:boundingBox>
              <layout:position layout:x="220" layout:y="40"/>
              <layout:dimensions layout:height="30" layout:width="30"/>
            </layout:boundingBox>
          </layout:generalGlyph>
          <layout:generalGlyph layout:id="Glyph__fba" layout:reference="fba">
            <layout:boundingBox>
              <layout:position layout:x="240" layout:y="100"/>
              <layout:dimensions layout:height="40" layout:width="80"/>
            </layout:boundingBox>
          </layout:generalGlyph>
          <layout:generalGlyph layout:id="Glyph__fba_update" layout:reference="fba_update">
            <layout:boundingBox>
              <layout:position layout:x="260" layout:y="150"/>
              <layout:dimensions layout:height="40" layout:width="80"/>
            </layout:boundingBox>
          </layout:generalGlyph>
          <layout:generalGlyph layout:id="Glyph__kinetik" layout:reference="kinetik">
            <layout:boundingBox>
              <layout:position layout:x="280" layout:y="200"/>
              <layout:dimensions layout:height="40" layout:width="80"/>
            </layout:boundingBox>
          </layout:generalGlyph>
        </layout:listOfAdditionalGraphicalObjects>
        <layout:listOfCompartmentGlyphs>
          <layout:compartmentGlyph layout:id="Glyph__default" layout:compartment="default">
            <layout:boundingBox>
              <layout:position layout:x="0" layout:y="0"/>
              <layout:dimensions layout:height="425" layout:width="1070"/>
            </layout:boundingBox>
          </layout:compartmentGlyph>
        </layout:listOfCompartmentGlyphs>
        <layout:listOfSpeciesGlyphs>
          <layout:speciesGlyph layout:id="Glyph__C" layout:species="C">
            <layout:boundingBox>
              <layout:position layout:x="20" layout:y="40"/>
              <layout:dimensions layout:height="30" layout:width="100"/>
            </layout:boundingBox>
          </layout:speciesGlyph>
          <layout:speciesGlyph layout:id="Glyph__Dummy" layout:species="Dummy">
            <layout:boundingBox>
              <layout:position layout:x="40" layout:y="80"/>
              <layout:dimensions layout:height="30" layout:width="100"/>
            </layout:boundingBox>
          </layout:speciesGlyph>
        </layout:listOfSpeciesGlyphs>
        <layout:listOfReactionGlyphs>
          <layout:reactionGlyph layout:id="Glyph__R000008" layout:reaction="R000008">
            <layout:boundingBox>
              <layout:position layout:x="60" layout:y="120"/>
              <layout:dimensions layout:height="30" layout:width="30"/>
            </layout:boundingBox>
            <layout:listOfSpeciesReferenceGlyphs>
              <layout:speciesReferenceGlyph layout:id="Glyph__R000008__substrate__Dummy" layout:role="substrate" layout:speciesGlyph="Glyph__Dummy">
                <layout:curve>
                  <layout:listOfCurveSegments>
                    <layout:curveSegment xsi:type="LineSegment">
                      <layout:start layout:x="90" layout:y="95"/>
                      <layout:end layout:x="75" layout:y="135"/>
                    </layout:curveSegment>
                  </layout:listOfCurveSegments>
                </layout:curve>
              </layout:speciesReferenceGlyph>
            </layout:listOfSpeciesReferenceGlyphs>
          </layout:reactionGlyph>
        </layout:listOfReactionGlyphs>
        <layout:listOfTextGlyphs>
          <layout:textGlyph layout:id="TextGlyph__default" layout:text="default" layout:graphicalObject="Glyph__default">
            <layout:boundingBox>
              <layout:position layout:x="0" layout:y="0"/>
              <layout:dimensions layout:height="425" layout:width="1070"/>
            </layout:boundingBox>
          </layout:textGlyph>
          <layout:textGlyph layout:id="TextGlyph__C" layout:text="C" layout:graphicalObject="Glyph__C">
            <layout:boundingBox>
              <layout:position layout:x="20" layout:y="40"/>
              <layout:dimensions layout:height="30" layout:width="100"/>
            </layout:boundingBox>
          </layout:textGlyph>
          <layout:textGlyph layout:id="TextGlyph__Dummy" layout:text="Dummy" layout:graphicalObject="Glyph__Dummy">
            <layout:boundingBox>
              <layout:position layout:x="40" layout:y="80"/>
              <layout:dimensions layout:height="30" layout:width="100"/>
            </layout:boundingBox>
          </layout:textGlyph>
          <layout:textGlyph layout:id="TextGlyph__R000008" layout:text="R000008" layout:graphicalObject="Glyph__R000008">
            <layout:boundingBox>
              <layout:position layout:x="60" layout:y="120"/>
              <layout:dimensions layout:height="30" layout:width="30"/>
            </layout:boundingBox>
          </layout:textGlyph>
          <layout:textGlyph layout:id="TextGlyph__equation_1" layout:text="equation_1" layout:graphicalObject="Glyph__equation_1">
            <layout:boundingBox>
              <layout:position layout:x="80" layout:y="240"/>
              <layout:dimensions layout:height="50" layout:width="50"/>
            </layout:boundingBox>
          </layout:textGlyph>
          <layout:textGlyph layout:id="TextGlyph__equation_2" layout:text="equation_2" layout:graphicalObject="Glyph__equation_2">
            <layout:boundingBox>
              <layout:position layout:x="100" layout:y="300"/>
              <layout:dimensions layout:height="50" layout:width="50"/>
            </layout:boundingBox>
          </layout:textGlyph>
          <layout:textGlyph layout:id="TextGlyph__boundary" layout:text="boundary" layout:graphicalObject="Glyph__boundary">
            <layout:boundingBox>
              <layout:position layout:x="120" layout:y="240"/>
              <layout:dimensions layout:height="30" layout:width="30"/>
            </layout:boundingBox>
          </layout:textGlyph>
          <layout:textGlyph layout:id="TextGlyph__k" layout:text="k" layout:graphicalObject="Glyph__k">
            <layout:boundingBox>
              <layout:position layout:x="140" layout:y="280"/>
              <layout:dimensions layout:height="30" layout:width="30"/>
            </layout:boundingBox>
          </layout:textGlyph>
          <layout:textGlyph layout:id="TextGlyph__k_R4" layout:text="k_R4" layout:graphicalObject="Glyph__k_R4">
            <layout:boundingBox>
              <layout:position layout:x="160" layout:y="320"/>
              <layout:dimensions layout:height="30" layout:width="30"/>
            </layout:boundingBox>
          </layout:textGlyph>
          <layout:textGlyph layout:id="TextGlyph__kf" layout:text="kf" layout:graphicalObject="Glyph__kf">
            <layout:boundingBox>
              <layout:position layout:x="180" layout:y="360"/>
              <layout:dimensions layout:height="30" layout:width="30"/>
            </layout:boundingBox>
          </layout:textGlyph>
          <layout:textGlyph layout:id="TextGlyph__p" layout:text="p" layout:graphicalObject="Glyph__p">
            <layout:boundingBox>
              <layout:position layout:x="200" layout:y="0"/>
              <layout:dimensions layout:height="30" layout:width="30"/>
            </layout:boundingBox>
          </layout:textGlyph>
          <layout:textGlyph layout:id="TextGlyph__unknown" layout:text="unknown" layout:graphicalObject="Glyph__unknown">
            <layout:boundingBox>
              <layout:position layout:x="220" layout:y="40"/>
              <layout:dimensions layout:height="30" layout:width="30"/>
            </layout:boundingBox>
          </layout:textGlyph>
          <layout:textGlyph layout:id="TextGlyph__fba" layout:text="fba" layout:graphicalObject="Glyph__fba">
            <layout:boundingBox>
              <layout:position layout:x="240" layout:y="100"/>
              <layout:dimensions layout:height="40" layout:width="80"/>
            </layout:boundingBox>
          </layout:textGlyph>
          <layout:textGlyph layout:id="TextGlyph__fba_update" layout:text="fba_update" layout:graphicalObject="Glyph__fba_update">
            <layout:boundingBox>
              <layout:position layout:x="260" layout:y="150"/>
              <layout:dimensions layout:height="40" layout:width="80"/>
            </layout:boundingBox>
          </layout:textGlyph>
          <layout:textGlyph layout:id="TextGlyph__kinetik" layout:text="kinetik" layout:graphicalObject="Glyph__kinetik">
            <layout:boundingBox>
              <layout:position layout:x="280" layout:y="200"/>
              <layout:dimensions layout:height="40" layout:width="80"/>
            </layout:boundingBox>
          </layout:textGlyph>
        </layout:listOfTextGlyphs>
      </layout:layout>
    </layout:listOfLayouts>
    <listOfCompartments>
      <compartment name="Top_level" constant="false" id="default" size="1" spatialDimensions="3"/>
    </listOfCompartments>
    <listOfSpecies>
      <species boundaryCondition="false" constant="false" metaid="iBioSim8" hasOnlySubstanceUnits="false" initialAmount="100" compartment="default" id="C"/>
      <species boundaryCondition="false" constant="false" metaid="iBioSim9" hasOnlySubstanceUnits="false" initialAmount="0" compartment="default" id="Dummy"/>
    </listOfSpecies>
    <listOfParameters>
      <parameter constant="false" id="boundary" metaid="iBioSim2" value="0"/>
      <parameter constant="false" id="k" metaid="iBioSim3" value="0"/>
      <parameter constant="false" id="k_R4" metaid="iBioSim4" value="0"/>
      <parameter constant="false" id="kf" metaid="iBioSim5" value="0"/>
      <parameter constant="false" id="p" metaid="iBioSim6" value="0"/>
      <parameter constant="false" id="unknown" metaid="iBioSim7" value="0"/>
    </listOfParameters>
    <listOfRules>
      <assignmentRule variable="p" metaid="equation_1">
        <math xmlns="http://www.w3.org/1998/Math/MathML">        
          <ci> R000008 </ci>
        </math>
            </assignmentRule>
      <rateRule variable="boundary" metaid="equation_2">
        <math xmlns="http://www.w3.org/1998/Math/MathML">        
          <apply>
            <sin/>
            <csymbol encoding="text" definitionURL="http://www.sbml.org/sbml/symbols/time"> t </csymbol>
          </apply>
        </math>
            </rateRule>
    </listOfRules>
    <listOfReactions>
      <reaction name="Dummy ->" fast="false" id="R000008" metaid="iBioSim10" reversible="false">
        <listOfReactants>
          <speciesReference stoichiometry="1" constant="false" species="Dummy"/>
        </listOfReactants>
        <kineticLaw>
          <math xmlns="http://www.w3.org/1998/Math/MathML">          
            <cn> 0 </cn>
          </math>
                </kineticLaw>
      </reaction>
    </listOfReactions>
  </model>
</sbml>