<?xml version='1.0' encoding='UTF-8' standalone='no'?>
<sbml xmlns="http://www.sbml.org/sbml/level3/version1/core" layout:required="false" xmlns:arrays="http://www.sbml.org/sbml/level3/version1/arrays/version1" xmlns:fbc="http://www.sbml.org/sbml/level3/version1/fbc/version2" xmlns:comp="http://www.sbml.org/sbml/level3/version1/comp/version1" level="3" arrays:required="true" comp:required="true" xmlns:layout="http://www.sbml.org/sbml/level3/version1/layout/version1" version="1" fbc:required="false">
  <comp:listOfExternalModelDefinitions xmlns:comp="http://www.sbml.org/sbml/level3/version1/comp/version1">
    <comp:externalModelDefinition comp:id="fba" comp:md5="252bb95640453c8ed9d2dee471fffd00" comp:source="file:fba.xml"/>
    <comp:externalModelDefinition comp:id="kinetic" comp:md5="78a874f3ae7062a56536a527f0da2942" comp:source="file:kinetic.xml"/>
  </comp:listOfExternalModelDefinitions>
  <model metaid="iBioSim8" id="top">
    <comp:listOfSubmodels xmlns:comp="http://www.sbml.org/sbml/level3/version1/comp/version1">
      <comp:submodel comp:id="C1" comp:modelRef="fba" metaid="iBioSim1"/>
      <comp:submodel comp:id="C2" comp:modelRef="kinetic" metaid="iBioSim2"/>
    </comp:listOfSubmodels>
    <layout:listOfLayouts xmlns:layout="http://www.sbml.org/sbml/level3/version1/layout/version1" xmlns:xsi="http://www.w3.org/2001/XMLSchema-instance">
      <layout:layout layout:id="iBioSim">
        <layout:dimensions layout:height="425" layout:depth="0" layout:width="1070"/>
        <layout:listOfAdditionalGraphicalObjects>
          <layout:generalGlyph layout:id="Glyph__kRate" layout:metaidRef="kRate">
            <layout:boundingBox>
              <layout:position layout:x="210" layout:y="60"/>
              <layout:dimensions layout:height="50" layout:width="50"/>
            </layout:boundingBox>
            <layout:listOfReferenceGlyphs>
              <layout:referenceGlyph layout:id="Glyph__kRate__product__k" layout:role="product" layout:glyph="Glyph__k">
                <layout:curve>
                  <layout:listOfCurveSegments>
                    <layout:curveSegment xsi:type="LineSegment">
                      <layout:start layout:x="235" layout:y="85"/>
                      <layout:end layout:x="115" layout:y="85"/>
                    </layout:curveSegment>
                  </layout:listOfCurveSegments>
                </layout:curve>
              </layout:referenceGlyph>
            </layout:listOfReferenceGlyphs>
          </layout:generalGlyph>
          <layout:generalGlyph layout:id="Glyph__k" layout:reference="k">
            <layout:boundingBox>
              <layout:position layout:x="100" layout:y="70"/>
              <layout:dimensions layout:height="30" layout:width="30"/>
            </layout:boundingBox>
          </layout:generalGlyph>
          <layout:generalGlyph layout:id="Glyph__p" layout:reference="p">
            <layout:boundingBox>
              <layout:position layout:x="100" layout:y="285"/>
              <layout:dimensions layout:height="30" layout:width="30"/>
            </layout:boundingBox>
            <layout:listOfReferenceGlyphs>
              <layout:referenceGlyph layout:id="Glyph__k__product__C_production" layout:role="product" layout:glyph="Glyph__C_production">
                <layout:curve>
                  <layout:listOfCurveSegments>
                    <layout:curveSegment xsi:type="LineSegment">
                      <layout:start layout:x="115" layout:y="215"/>
                      <layout:end layout:x="55" layout:y="95"/>
                    </layout:curveSegment>
                  </layout:listOfCurveSegments>
                </layout:curve>
              </layout:referenceGlyph>
              <layout:referenceGlyph layout:id="Glyph__p__product__C_production" layout:role="product" layout:glyph="Glyph__C_production">
                <layout:curve>
                  <layout:listOfCurveSegments>
                    <layout:curveSegment xsi:type="LineSegment">
                      <layout:start layout:x="115" layout:y="300"/>
                      <layout:end layout:x="225" layout:y="300"/>
                    </layout:curveSegment>
                  </layout:listOfCurveSegments>
                </layout:curve>
              </layout:referenceGlyph>
            </layout:listOfReferenceGlyphs>
          </layout:generalGlyph>
          <layout:generalGlyph layout:id="Glyph__C1" layout:reference="C1">
            <layout:boundingBox>
              <layout:position layout:x="75" layout:y="175"/>
              <layout:dimensions layout:height="40" layout:width="80"/>
            </layout:boundingBox>
          </layout:generalGlyph>
          <layout:generalGlyph layout:id="Glyph__C2" layout:reference="C2">
            <layout:boundingBox>
              <layout:position layout:x="300" layout:y="170"/>
              <layout:dimensions layout:height="40" layout:width="80"/>
            </layout:boundingBox>
          </layout:generalGlyph>
        </layout:listOfAdditionalGraphicalObjects>
        <layout:listOfCompartmentGlyphs>
          <layout:compartmentGlyph layout:id="Glyph__Cell" layout:compartment="Cell">
            <layout:boundingBox>
              <layout:position layout:x="0" layout:y="0"/>
              <layout:dimensions layout:height="425" layout:width="1070"/>
            </layout:boundingBox>
          </layout:compartmentGlyph>
        </layout:listOfCompartmentGlyphs>
        <layout:listOfSpeciesGlyphs>
          <layout:speciesGlyph layout:id="Glyph__C" layout:species="C">
            <layout:boundingBox>
              <layout:position layout:x="290" layout:y="285"/>
              <layout:dimensions layout:height="30" layout:width="100"/>
            </layout:boundingBox>
          </layout:speciesGlyph>
        </layout:listOfSpeciesGlyphs>
        <layout:listOfReactionGlyphs>
          <layout:reactionGlyph layout:id="Glyph__C_production" layout:reaction="C_production">
            <layout:boundingBox>
              <layout:position layout:x="210" layout:y="285"/>
              <layout:dimensions layout:height="30" layout:width="30"/>
            </layout:boundingBox>
            <layout:listOfSpeciesReferenceGlyphs>
              <layout:speciesReferenceGlyph layout:id="Glyph__C_production__product__C" layout:role="product" layout:speciesGlyph="Glyph__C">
                <layout:curve>
                  <layout:listOfCurveSegments>
                    <layout:curveSegment xsi:type="LineSegment">
                      <layout:start layout:x="225" layout:y="300"/>
                      <layout:end layout:x="340" layout:y="300"/>
                    </layout:curveSegment>
                  </layout:listOfCurveSegments>
                </layout:curve>
              </layout:speciesReferenceGlyph>
            </layout:listOfSpeciesReferenceGlyphs>
          </layout:reactionGlyph>
        </layout:listOfReactionGlyphs>
        <layout:listOfTextGlyphs>
          <layout:textGlyph layout:id="TextGlyph__Cell" layout:text="Cell" layout:graphicalObject="Glyph__Cell">
            <layout:boundingBox>
              <layout:position layout:x="0" layout:y="0"/>
              <layout:dimensions layout:height="425" layout:width="1070"/>
            </layout:boundingBox>
          </layout:textGlyph>
          <layout:textGlyph layout:id="TextGlyph__C" layout:text="C" layout:graphicalObject="Glyph__C">
            <layout:boundingBox>
              <layout:position layout:x="290" layout:y="285"/>
              <layout:dimensions layout:height="30" layout:width="100"/>
            </layout:boundingBox>
          </layout:textGlyph>
          <layout:textGlyph layout:id="TextGlyph__C_production" layout:text="C_production" layout:graphicalObject="Glyph__C_production">
            <layout:boundingBox>
              <layout:position layout:x="210" layout:y="285"/>
              <layout:dimensions layout:height="30" layout:width="30"/>
            </layout:boundingBox>
          </layout:textGlyph>
          <layout:textGlyph layout:id="TextGlyph__kRate" layout:text="kRate" layout:graphicalObject="Glyph__kRate">
            <layout:boundingBox>
              <layout:position layout:x="210" layout:y="60"/>
              <layout:dimensions layout:height="50" layout:width="50"/>
            </layout:boundingBox>
          </layout:textGlyph>
          <layout:textGlyph layout:id="TextGlyph__k" layout:text="k" layout:graphicalObject="Glyph__k">
            <layout:boundingBox>
              <layout:position layout:x="100" layout:y="70"/>
              <layout:dimensions layout:height="30" layout:width="30"/>
            </layout:boundingBox>
          </layout:textGlyph>
          <layout:textGlyph layout:id="TextGlyph__p" layout:text="p" layout:graphicalObject="Glyph__p">
            <layout:boundingBox>
              <layout:position layout:x="100" layout:y="285"/>
              <layout:dimensions layout:height="30" layout:width="30"/>
            </layout:boundingBox>
          </layout:textGlyph>
          <layout:textGlyph layout:id="TextGlyph__C1" layout:text="C1" layout:graphicalObject="Glyph__C1">
            <layout:boundingBox>
              <layout:position layout:x="75" layout:y="175"/>
              <layout:dimensions layout:height="40" layout:width="80"/>
            </layout:boundingBox>
          </layout:textGlyph>
          <layout:textGlyph layout:id="TextGlyph__C2" layout:text="C2" layout:graphicalObject="Glyph__C2">
            <layout:boundingBox>
              <layout:position layout:x="300" layout:y="170"/>
              <layout:dimensions layout:height="40" layout:width="80"/>
            </layout:boundingBox>
          </layout:textGlyph>
        </layout:listOfTextGlyphs>
      </layout:layout>
    </layout:listOfLayouts>
    <listOfCompartments>
      <compartment constant="true" id="Cell" size="1" spatialDimensions="3"/>
    </listOfCompartments>
    <listOfSpecies>
      <species boundaryCondition="false" constant="false" metaid="iBioSim6" hasOnlySubstanceUnits="true" initialAmount="0" compartment="Cell" id="C">
        <comp:listOfReplacedElements xmlns:comp="http://www.sbml.org/sbml/level3/version1/comp/version1">
          <comp:replacedElement comp:portRef="input__C" comp:submodelRef="C2"/>
        </comp:listOfReplacedElements>
      </species>
    </listOfSpecies>
    <listOfParameters>
      <parameter constant="false" id="k" metaid="iBioSim3" value="0">
        <comp:listOfReplacedElements xmlns:comp="http://www.sbml.org/sbml/level3/version1/comp/version1">
          <comp:replacedElement comp:portRef="input__k" comp:submodelRef="C1"/>
        </comp:listOfReplacedElements>
      </parameter>
      <parameter constant="false" id="p" metaid="iBioSim4" value="0">
        <comp:listOfReplacedElements xmlns:comp="http://www.sbml.org/sbml/level3/version1/comp/version1">
          <comp:replacedElement comp:portRef="output__p" comp:submodelRef="C1"/>
        </comp:listOfReplacedElements>
      </parameter>
    </listOfParameters>
    <listOfRules>
      <rateRule variable="k" metaid="kRate">
        <math xmlns="http://www.w3.org/1998/Math/MathML">        
          <cn> 0.01 </cn>
        </math>
            </rateRule>
    </listOfRules>
    <listOfReactions>
      <reaction compartment="Cell" fast="false" id="C_production" metaid="iBioSim7" reversible="false">
        <listOfProducts>
          <speciesReference stoichiometry="1" constant="true" species="C"/>
        </listOfProducts>
        <kineticLaw>
          <math xmlns="http://www.w3.org/1998/Math/MathML">          
            <ci> p </ci>
          </math>
                </kineticLaw>
      </reaction>
    </listOfReactions>
  </model>
</sbml>