	time	[fba__A]	[C]	[fba__B1]	[fba__B2]	[model__D]	fba__R1	fba__R2	R3	update__R3	model__R4	vR3
0	0.0	10.0	0.099501661687	0.0	0.0	0.000498338313117	0.0	0.0	0.0	1.0	0.0099501661687	1.0
1	0.1	10.0	0.198013309616	0.0	0.0	0.00198669038461	0.0	0.0	0.0	1.0	0.0198013309616	1.0
2	0.2	10.0	0.295544738769	0.0	0.0	0.00445526123089	0.0	0.0	0.0	1.0	0.0295544738769	1.0
3	0.3	10.0	0.392105674542	0.0	0.0	0.00789432545832	0.0	0.0	0.0	1.0	0.0392105674542	1.0
4	0.4	10.0	0.487705837571	0.0	0.0	0.0122941624287	0.0	0.0	0.0	1.0	0.0487705837571	1.0
5	0.5	10.0	0.582354569264	0.0	0.0	0.0176454307359	0.0	0.0	0.0	1.0	0.0582354569264	1.0
6	0.6	10.0	0.676061359554	0.0	0.0	0.023938640446	0.0	0.0	0.0	1.0	0.0676061359554	1.0
7	0.7	10.0	0.768835465566	0.0	0.0	0.031164534434	0.0	0.0	0.0	1.0	0.0768835465566	1.0
8	0.8	10.0	0.860686211797	0.0	0.0	0.0393137882029	0.0	0.0	0.0	1.0	0.0860686211797	1.0
9	0.9	10.0	0.951622822856	0.0	0.0	0.0483771771443	0.0	0.0	0.0	1.0	0.0951622822856	1.0
10	1.0	10.0	1.04165434154	0.0	0.0	0.0583456584553	0.0	0.0	0.0	1.0	0.104165434154	1.0
11	1.1	10.0	1.13078971763	0.0	0.0	0.0692102823705	0.0	0.0	0.0	1.0	0.113078971763	1.0
12	1.2	10.0	1.21903780804	0.0	0.0	0.0809621919611	0.0	0.0	0.0	1.0	0.121903780804	1.0
13	1.3	10.0	1.30640737152	0.0	0.0	0.0935926284807	0.0	0.0	0.0	1.0	0.130640737152	1.0
14	1.4	10.0	1.39290709376	0.0	0.0	0.107092906239	0.0	0.0	0.0	1.0	0.139290709376	1.0
15	1.5	10.0	1.47854570895	0.0	0.0	0.121454291047	0.0	0.0	0.0	1.0	0.147854570895	1.0
16	1.6	10.0	1.56333175455	0.0	0.0	0.136668245455	0.0	0.0	0.0	1.0	0.156333175455	1.0
17	1.7	10.0	1.64727368431	0.0	0.0	0.152726315693	0.0	0.0	0.0	1.0	0.164727368431	1.0
18	1.8	10.0	1.73037986919	0.0	0.0	0.169620130815	0.0	0.0	0.0	1.0	0.173037986919	1.0
19	1.9	10.0	1.81265859816	0.0	0.0	0.187341401837	0.0	0.0	0.0	1.0	0.181265859816	1.0
20	2.0	10.0	1.89411997911	0.0	0.0	0.205880020892	0.0	0.0	0.0	1.0	0.189411997911	1.0
21	2.1	10.0	1.97477040456	0.0	0.0	0.225229595442	0.0	0.0	0.0	1.0	0.197477040456	1.0
22	2.2	10.0	2.05461792634	0.0	0.0	0.245382073656	0.0	0.0	0.0	1.0	0.205461792634	1.0
23	2.3	10.0	2.13367051717	0.0	0.0	0.266329482833	0.0	0.0	0.0	1.0	0.213367051717	1.0
24	2.4	10.0	2.21193607591	0.0	0.0	0.288063924092	0.0	0.0	0.0	1.0	0.221193607591	1.0
25	2.5	10.0	2.2894224327	0.0	0.0	0.3105775673	0.0	0.0	0.0	1.0	0.22894224327	1.0
26	2.6	10.0	2.366137331	0.0	0.0	0.333862669	0.0	0.0	0.0	1.0	0.2366137331	1.0
27	2.7	10.0	2.44208843812	0.0	0.0	0.357911561877	0.0	0.0	0.0	1.0	0.244208843812	1.0
28	2.8	10.0	2.51728334604	0.0	0.0	0.382716653956	0.0	0.0	0.0	1.0	0.251728334604	1.0
29	2.9	10.0	2.5917295722	0.0	0.0	0.408270427797	0.0	0.0	0.0	1.0	0.25917295722	1.0
30	3.0	10.0	2.6654345603	0.0	0.0	0.434565439702	0.0	0.0	0.0	1.0	0.26654345603	1.0
31	3.1	10.0	2.73840568107	0.0	0.0	0.461594318929	0.0	0.0	0.0	1.0	0.273840568107	1.0
32	3.2	10.0	2.81065023308	0.0	0.0	0.489349766921	0.0	0.0	0.0	1.0	0.281065023308	1.0
33	3.3	10.0	2.88217544346	0.0	0.0	0.517824556537	0.0	0.0	0.0	1.0	0.288217544346	1.0
34	3.4	10.0	2.9529884687	0.0	0.0	0.547011531305	0.0	0.0	0.0	1.0	0.29529884687	1.0
35	3.5	10.0	3.02309639533	0.0	0.0	0.576903604674	0.0	0.0	0.0	1.0	0.302309639533	1.0
36	3.6	10.0	3.09250621805	0.0	0.0	0.607493781952	0.0	0.0	0.0	1.0	0.309250621805	1.0
37	3.7	10.0	3.16122488668	0.0	0.0	0.638775113319	0.0	0.0	0.0	1.0	0.316122488668	1.0
38	3.8	10.0	3.22925928521	0.0	0.0	0.670740714785	0.0	0.0	0.0	1.0	0.322925928521	1.0
39	3.9	10.0	3.29661623031	0.0	0.0	0.703383769694	0.0	0.0	0.0	1.0	0.329661623031	1.0
40	4.0	10.0	3.36330247195	0.0	0.0	0.736697528052	0.0	0.0	0.0	1.0	0.336330247195	1.0
41	4.1	10.0	3.42932469412	0.0	0.0	0.770675305881	0.0	0.0	0.0	1.0	0.342932469412	1.0
42	4.2	10.0	3.49468951542	0.0	0.0	0.805310484583	0.0	0.0	0.0	1.0	0.349468951542	1.0
43	4.3	10.0	3.55940348967	0.0	0.0	0.840596510327	0.0	0.0	0.0	1.0	0.355940348967	1.0
44	4.4	10.0	3.62347310655	0.0	0.0	0.87652689345	0.0	0.0	0.0	1.0	0.362347310655	1.0
45	4.5	10.0	3.68690479212	0.0	0.0	0.913095207875	0.0	0.0	0.0	1.0	0.368690479212	1.0
46	4.6	10.0	3.74970490946	0.0	0.0	0.950295090544	0.0	0.0	0.0	1.0	0.374970490946	1.0
47	4.7	10.0	3.81187973645	0.0	0.0	0.988120263545	0.0	0.0	0.0	1.0	0.381187973645	1.0
48	4.8	10.0	3.8734355022	0.0	0.0	1.0265644978	0.0	0.0	0.0	1.0	0.38734355022	1.0
49	4.9	10.0	3.93437838878	0.0	0.0	1.06562161122	0.0	0.0	0.0	1.0	0.393437838878	1.0
50	5.0	10.0	3.99471451695	0.0	0.0	1.10528548305	0.0	0.0	0.0	1.0	0.399471451695	1.0
51	5.1	10.0	4.0544499467	0.0	0.0	1.1455500533	0.0	0.0	0.0	1.0	0.40544499467	1.0
52	5.2	10.0	4.1135906777	0.0	0.0	1.1864093223	0.0	0.0	0.0	1.0	0.41135906777	1.0
53	5.3	10.0	4.17214264989	0.0	0.0	1.22785735011	0.0	0.0	0.0	1.0	0.417214264989	1.0
54	5.4	10.0	4.23011174391	0.0	0.0	1.26988825609	0.0	0.0	0.0	1.0	0.423011174391	1.0
55	5.5	10.0	4.28750378163	0.0	0.0	1.31249621837	0.0	0.0	0.0	1.0	0.428750378163	1.0
56	5.6	10.0	4.3443245267	0.0	0.0	1.3556754733	0.0	0.0	0.0	1.0	0.43443245267	1.0
57	5.7	10.0	4.40057968496	0.0	0.0	1.39942031504	0.0	0.0	0.0	1.0	0.440057968496	1.0
58	5.8	10.0	4.45627490505	0.0	0.0	1.44372509495	0.0	0.0	0.0	1.0	0.445627490505	1.0
59	5.9	10.0	4.51141577883	0.0	0.0	1.48858422117	0.0	0.0	0.0	1.0	0.451141577883	1.0
60	6.0	10.0	4.56600788283	0.0	0.0	1.53399211717	0.0	0.0	0.0	1.0	0.456600788283	1.0
61	6.1	10.0	4.62005672188	0.0	0.0	1.57994327812	0.0	0.0	0.0	1.0	0.462005672188	1.0
62	6.2	10.0	4.6735677169	0.0	0.0	1.6264322831	0.0	0.0	0.0	1.0	0.46735677169	1.0
63	6.3	10.0	4.72654623416	0.0	0.0	1.67345376584	0.0	0.0	0.0	1.0	0.472654623416	1.0
64	6.4	10.0	4.77899758578	0.0	0.0	1.72100241422	0.0	0.0	0.0	1.0	0.477899758578	1.0
65	6.5	10.0	4.83092703029	0.0	0.0	1.76907296971	0.0	0.0	0.0	1.0	0.483092703029	1.0
66	6.6	10.0	4.8823397732	0.0	0.0	1.8176602268	0.0	0.0	0.0	1.0	0.48823397732	1.0
67	6.7	10.0	4.93324096748	0.0	0.0	1.86675903252	0.0	0.0	0.0	1.0	0.493324096748	1.0
68	6.8	10.0	4.98363571415	0.0	0.0	1.91636428585	0.0	0.0	0.0	1.0	0.498363571415	1.0
69	6.9	10.0	5.0335290628	0.0	0.0	1.9664709372	0.0	0.0	0.0	1.0	0.50335290628	1.0
70	7.0	10.0	5.08292601209	0.0	0.0	2.01707398791	0.0	0.0	0.0	1.0	0.508292601209	1.0
71	7.1	10.0	5.13183151032	0.0	0.0	2.06816848968	0.0	0.0	0.0	1.0	0.513183151032	1.0
72	7.2	10.0	5.18025045594	0.0	0.0	2.11974954406	0.0	0.0	0.0	1.0	0.518025045594	1.0
73	7.3	10.0	5.22818769806	0.0	0.0	2.17181230194	0.0	0.0	0.0	1.0	0.522818769806	1.0
74	7.4	10.0	5.27564803698	0.0	0.0	2.22435196302	0.0	0.0	0.0	1.0	0.527564803698	1.0
75	7.5	10.0	5.32263622469	0.0	0.0	2.27736377531	0.0	0.0	0.0	1.0	0.532263622469	1.0
76	7.6	10.0	5.36915696538	0.0	0.0	2.33084303462	0.0	0.0	0.0	1.0	0.536915696538	1.0
77	7.7	10.0	5.41521491596	0.0	0.0	2.38478508404	0.0	0.0	0.0	1.0	0.541521491596	1.0
78	7.8	10.0	5.46081468651	0.0	0.0	2.43918531349	0.0	0.0	0.0	1.0	0.546081468651	1.0
79	7.9	10.0	5.50596084082	0.0	0.0	2.49403915918	0.0	0.0	0.0	1.0	0.550596084082	1.0
80	8.0	10.0	5.55065789685	0.0	0.0	2.54934210315	0.0	0.0	0.0	1.0	0.555065789685	1.0
81	8.1	10.0	5.59491032723	0.0	0.0	2.60508967277	0.0	0.0	0.0	1.0	0.559491032723	1.0
82	8.2	10.0	5.63872255969	0.0	0.0	2.66127744031	0.0	0.0	0.0	1.0	0.563872255969	1.0
83	8.3	10.0	5.68209897758	0.0	0.0	2.71790102242	0.0	0.0	0.0	1.0	0.568209897758	1.0
84	8.4	10.0	5.72504392031	0.0	0.0	2.77495607969	0.0	0.0	0.0	1.0	0.572504392031	1.0
85	8.5	10.0	5.7675616838	0.0	0.0	2.8324383162	0.0	0.0	0.0	1.0	0.57675616838	1.0
86	8.6	10.0	5.80965652095	0.0	0.0	2.89034347905	0.0	0.0	0.0	1.0	0.580965652095	1.0
87	8.7	10.0	5.85133264208	0.0	0.0	2.94866735792	0.0	0.0	0.0	1.0	0.585133264208	1.0
88	8.8	10.0	5.89259421535	0.0	0.0	3.00740578465	0.0	0.0	0.0	1.0	0.589259421535	1.0
89	8.9	10.0	5.93344536726	0.0	0.0	3.06655463274	0.0	0.0	0.0	1.0	0.593344536726	1.0
90	9.0	10.0	5.97389018298	0.0	0.0	3.12610981702	0.0	0.0	0.0	1.0	0.597389018298	1.0
91	9.1	10.0	6.01393270688	0.0	0.0	3.18606729312	0.0	0.0	0.0	1.0	0.601393270688	1.0
92	9.2	10.0	6.05357694288	0.0	0.0	3.24642305712	0.0	0.0	0.0	1.0	0.605357694288	1.0
93	9.3	10.0	6.09282685489	0.0	0.0	3.30717314511	0.0	0.0	0.0	1.0	0.609282685489	1.0
94	9.4	10.0	6.13168636722	0.0	0.0	3.36831363278	0.0	0.0	0.0	1.0	0.613168636722	1.0
95	9.5	10.0	6.17015936499	0.0	0.0	3.42984063501	0.0	0.0	0.0	1.0	0.617015936499	1.0
96	9.6	10.0	6.20824969451	0.0	0.0	3.49175030549	0.0	0.0	0.0	1.0	0.620824969451	1.0
97	9.7	10.0	6.24596116371	0.0	0.0	3.55403883629	0.0	0.0	0.0	1.0	0.624596116371	1.0
98	9.8	10.0	6.2832975425	0.0	0.0	3.6167024575	0.0	0.0	0.0	1.0	0.62832975425	1.0
99	9.9	10.0	6.32026256318	0.0	0.0	3.67973743682	0.0	0.0	0.0	1.0	0.632026256318	1.0
100	10.0	10.0	6.3568599208	0.0	0.0	3.7431400792	0.0	0.0	0.0	1.0	0.63568599208	1.0
101	10.1	10.0	6.39309327357	0.0	0.0	3.80690672643	0.0	0.0	0.0	1.0	0.639309327357	1.0
102	10.2	10.0	6.4289662432	0.0	0.0	3.8710337568	0.0	0.0	0.0	1.0	0.64289662432	1.0
103	10.3	10.0	6.46448241528	0.0	0.0	3.93551758472	0.0	0.0	0.0	1.0	0.646448241528	1.0
104	10.4	10.0	6.49964533966	0.0	0.0	4.00035466034	0.0	0.0	0.0	1.0	0.649964533966	1.0
105	10.5	10.0	6.53445853081	0.0	0.0	4.06554146919	0.0	0.0	0.0	1.0	0.653445853081	1.0
106	10.6	10.0	6.56892546815	0.0	0.0	4.13107453185	0.0	0.0	0.0	1.0	0.656892546815	1.0
107	10.7	10.0	6.60304959643	0.0	0.0	4.19695040357	0.0	0.0	0.0	1.0	0.660304959643	1.0
108	10.8	10.0	6.63683432608	0.0	0.0	4.26316567392	0.0	0.0	0.0	1.0	0.663683432608	1.0
109	10.9	10.0	6.67028303354	0.0	0.0	4.32971696646	0.0	0.0	0.0	1.0	0.667028303354	1.0
110	11.0	10.0	6.70339906161	0.0	0.0	4.39660093839	0.0	0.0	0.0	1.0	0.670339906161	1.0
111	11.1	10.0	6.7361857198	0.0	0.0	4.4638142802	0.0	0.0	0.0	1.0	0.67361857198	1.0
112	11.2	10.0	6.76864628464	0.0	0.0	4.53135371536	0.0	0.0	0.0	1.0	0.676864628464	1.0
113	11.3	10.0	6.80078400003	0.0	0.0	4.59921599997	0.0	0.0	0.0	1.0	0.680078400003	1.0
114	11.4	10.0	6.83260207757	0.0	0.0	4.66739792243	0.0	0.0	0.0	1.0	0.683260207757	1.0
115	11.5	10.0	6.86410369686	0.0	0.0	4.73589630314	0.0	0.0	0.0	1.0	0.686410369686	1.0
116	11.6	10.0	6.89529200586	0.0	0.0	4.80470799414	0.0	0.0	0.0	1.0	0.689529200586	1.0
117	11.7	10.0	6.92617012118	0.0	0.0	4.87382987882	0.0	0.0	0.0	1.0	0.692617012118	1.0
118	11.8	10.0	6.95674112837	0.0	0.0	4.94325887163	0.0	0.0	0.0	1.0	0.695674112837	1.0
119	11.9	10.0	6.98700808231	0.0	0.0	5.01299191769	0.0	0.0	0.0	1.0	0.698700808231	1.0
120	12.0	10.0	7.01697400742	0.0	0.0	5.08302599258	0.0	0.0	0.0	1.0	0.701697400742	1.0
121	12.1	10.0	7.04664189805	0.0	0.0	5.15335810195	0.0	0.0	0.0	1.0	0.704664189805	1.0
122	12.2	10.0	7.07601471873	0.0	0.0	5.22398528127	0.0	0.0	0.0	1.0	0.707601471873	1.0
123	12.3	10.0	7.10509540446	0.0	0.0	5.29490459554	0.0	0.0	0.0	1.0	0.710509540446	1.0
124	12.4	10.0	7.13388686106	0.0	0.0	5.36611313894	0.0	0.0	0.0	1.0	0.713388686106	1.0
125	12.5	10.0	7.16239196541	0.0	0.0	5.43760803459	0.0	0.0	0.0	1.0	0.716239196541	1.0
126	12.6	10.0	7.19061356577	0.0	0.0	5.50938643423	0.0	0.0	0.0	1.0	0.719061356577	1.0
127	12.7	10.0	7.21855448203	0.0	0.0	5.58144551797	0.0	0.0	0.0	1.0	0.721855448203	1.0
128	12.8	10.0	7.24621750605	0.0	0.0	5.65378249395	0.0	0.0	0.0	1.0	0.724621750605	1.0
129	12.9	10.0	7.27360540187	0.0	0.0	5.72639459813	0.0	0.0	0.0	1.0	0.727360540187	1.0
130	13.0	10.0	7.30072090607	0.0	0.0	5.79927909393	0.0	0.0	0.0	1.0	0.730072090607	1.0
131	13.1	10.0	7.32756672794	0.0	0.0	5.87243327206	0.0	0.0	0.0	1.0	0.732756672794	1.0
132	13.2	10.0	7.35414554987	0.0	0.0	5.94585445013	0.0	0.0	0.0	1.0	0.735414554987	1.0
133	13.3	10.0	7.38046002752	0.0	0.0	6.01953997248	0.0	0.0	0.0	1.0	0.738046002752	1.0
134	13.4	10.0	7.40651279015	0.0	0.0	6.09348720985	0.0	0.0	0.0	1.0	0.740651279015	1.0
135	13.5	10.0	7.43230644083	0.0	0.0	6.16769355917	0.0	0.0	0.0	1.0	0.743230644083	1.0
136	13.6	10.0	7.45784355675	0.0	0.0	6.24215644325	0.0	0.0	0.0	1.0	0.745784355675	1.0
137	13.7	10.0	7.48312668947	0.0	0.0	6.31687331053	0.0	0.0	0.0	1.0	0.748312668947	1.0
138	13.8	10.0	7.50815836515	0.0	0.0	6.39184163485	0.0	0.0	0.0	1.0	0.750815836515	1.0
139	13.9	10.0	7.5329410848	0.0	0.0	6.4670589152	0.0	0.0	0.0	1.0	0.75329410848	1.0
140	14.0	10.0	7.55747732457	0.0	0.0	6.54252267543	0.0	0.0	0.0	1.0	0.755747732457	1.0
141	14.1	10.0	7.58176953599	0.0	0.0	6.61823046401	0.0	0.0	0.0	1.0	0.758176953599	1.0
142	14.2	10.0	7.60582014615	0.0	0.0	6.69417985385	0.0	0.0	0.0	1.0	0.760582014615	1.0
143	14.3	10.0	7.62963155805	0.0	0.0	6.77036844195	0.0	0.0	0.0	1.0	0.762963155805	1.0
144	14.4	10.0	7.65320615075	0.0	0.0	6.84679384925	0.0	0.0	0.0	1.0	0.765320615075	1.0
145	14.5	10.0	7.67654627965	0.0	0.0	6.92345372035	0.0	0.0	0.0	1.0	0.767654627965	1.0
146	14.6	10.0	7.69965427673	0.0	0.0	7.00034572327	0.0	0.0	0.0	1.0	0.769965427673	1.0
147	14.7	10.0	7.72253245075	0.0	0.0	7.07746754925	0.0	0.0	0.0	1.0	0.772253245075	1.0
148	14.8	10.0	7.74518308752	0.0	0.0	7.15481691248	0.0	0.0	0.0	1.0	0.774518308752	1.0
149	14.9	10.0	7.76760845011	0.0	0.0	7.23239154989	0.0	0.0	0.0	1.0	0.776760845011	1.0
150	15.0	10.0	7.78981077907	0.0	0.0	7.31018922093	0.0	0.0	0.0	1.0	0.778981077907	1.0
151	15.1	10.0	7.81179229268	0.0	0.0	7.38820770732	0.0	0.0	0.0	1.0	0.781179229268	1.0
152	15.2	10.0	7.83355518712	0.0	0.0	7.46644481288	0.0	0.0	0.0	1.0	0.783355518712	1.0
153	15.3	10.0	7.85510163676	0.0	0.0	7.54489836324	0.0	0.0	0.0	1.0	0.785510163676	1.0
154	15.4	10.0	7.87643379432	0.0	0.0	7.62356620568	0.0	0.0	0.0	1.0	0.787643379432	1.0
155	15.5	10.0	7.89755379111	0.0	0.0	7.70244620889	0.0	0.0	0.0	1.0	0.789755379111	1.0
156	15.6	10.0	7.91846373725	0.0	0.0	7.78153626275	0.0	0.0	0.0	1.0	0.791846373725	1.0
157	15.7	10.0	7.93916572186	0.0	0.0	7.86083427814	0.0	0.0	0.0	1.0	0.793916572186	1.0
158	15.8	10.0	7.95966181327	0.0	0.0	7.94033818673	0.0	0.0	0.0	1.0	0.795966181327	1.0
159	15.9	10.0	7.97995405926	0.0	0.0	8.02004594074	0.0	0.0	0.0	1.0	0.797995405926	1.0
160	16.0	10.0	8.00004448724	0.0	0.0	8.09995551276	0.0	0.0	0.0	1.0	0.800004448724	1.0
161	16.1	10.0	8.01993510442	0.0	0.0	8.18006489558	0.0	0.0	0.0	1.0	0.801993510442	1.0
162	16.2	10.0	8.03962789808	0.0	0.0	8.26037210192	0.0	0.0	0.0	1.0	0.803962789808	1.0
163	16.3	10.0	8.05912483573	0.0	0.0	8.34087516427	0.0	0.0	0.0	1.0	0.805912483573	1.0
164	16.4	10.0	8.07842786529	0.0	0.0	8.42157213471	0.0	0.0	0.0	1.0	0.807842786529	1.0
165	16.5	10.0	8.09753891532	0.0	0.0	8.50246108468	0.0	0.0	0.0	1.0	0.809753891532	1.0
166	16.6	10.0	8.1164598952	0.0	0.0	8.5835401048	0.0	0.0	0.0	1.0	0.81164598952	1.0
167	16.7	10.0	8.1351926953	0.0	0.0	8.6648073047	0.0	0.0	0.0	1.0	0.81351926953	1.0
168	16.8	10.0	8.15373918721	0.0	0.0	8.74626081279	0.0	0.0	0.0	1.0	0.815373918721	1.0
169	16.9	10.0	8.17210122389	0.0	0.0	8.82789877611	0.0	0.0	0.0	1.0	0.817210122389	1.0
170	17.0	10.0	8.19028063987	0.0	0.0	8.90971936013	0.0	0.0	0.0	1.0	0.819028063987	1.0
171	17.1	10.0	8.20827925145	0.0	0.0	8.99172074855	0.0	0.0	0.0	1.0	0.820827925145	1.0
172	17.2	10.0	8.22609885685	0.0	0.0	9.07390114315	0.0	0.0	0.0	1.0	0.822609885685	1.0
173	17.3	10.0	8.24374123639	0.0	0.0	9.15625876361	0.0	0.0	0.0	1.0	0.824374123639	1.0
174	17.4	10.0	8.26120815272	0.0	0.0	9.23879184728	0.0	0.0	0.0	1.0	0.826120815272	1.0
175	17.5	10.0	8.27850135093	0.0	0.0	9.32149864907	0.0	0.0	0.0	1.0	0.827850135093	1.0
176	17.6	10.0	8.29562255875	0.0	0.0	9.40437744125	0.0	0.0	0.0	1.0	0.829562255875	1.0
177	17.7	10.0	8.31257348675	0.0	0.0	9.48742651325	0.0	0.0	0.0	1.0	0.831257348675	1.0
178	17.8	10.0	8.32935582846	0.0	0.0	9.57064417154	0.0	0.0	0.0	1.0	0.832935582846	1.0
179	17.9	10.0	8.34597126059	0.0	0.0	9.65402873941	0.0	0.0	0.0	1.0	0.834597126059	1.0
180	18.0	10.0	8.36242144316	0.0	0.0	9.73757855684	0.0	0.0	0.0	1.0	0.836242144316	1.0
181	18.1	10.0	8.37870801967	0.0	0.0	9.82129198033	0.0	0.0	0.0	1.0	0.837870801967	1.0
182	18.2	10.0	8.3948326173	0.0	0.0	9.9051673827	0.0	0.0	0.0	1.0	0.83948326173	1.0
183	18.3	10.0	8.41079684702	0.0	0.0	9.98920315298	0.0	0.0	0.0	1.0	0.841079684702	1.0
184	18.4	10.0	8.42660230379	0.0	0.0	10.0733976962	0.0	0.0	0.0	1.0	0.842660230379	1.0
185	18.5	10.0	8.44225056671	0.0	0.0	10.1577494333	0.0	0.0	0.0	1.0	0.844225056671	1.0
186	18.6	10.0	8.45774319917	0.0	0.0	10.2422568008	0.0	0.0	0.0	1.0	0.845774319917	1.0
187	18.7	10.0	8.473081749	0.0	0.0	10.326918251	0.0	0.0	0.0	1.0	0.8473081749	1.0
188	18.8	10.0	8.48826774865	0.0	0.0	10.4117322513	0.0	0.0	0.0	1.0	0.848826774865	1.0
189	18.9	10.0	8.50330271533	0.0	0.0	10.4966972847	0.0	0.0	0.0	1.0	0.850330271533	1.0
190	19.0	10.0	8.51818815114	0.0	0.0	10.5818118489	0.0	0.0	0.0	1.0	0.851818815114	1.0
191	19.1	10.0	8.53292554327	0.0	0.0	10.6670744567	0.0	0.0	0.0	1.0	0.853292554327	1.0
192	19.2	10.0	8.54751636409	0.0	0.0	10.7524836359	0.0	0.0	0.0	1.0	0.854751636409	1.0
193	19.3	10.0	8.56196207134	0.0	0.0	10.8380379287	0.0	0.0	0.0	1.0	0.856196207134	1.0
194	19.4	10.0	8.57626410826	0.0	0.0	10.9237358917	0.0	0.0	0.0	1.0	0.857626410826	1.0
195	19.5	10.0	8.59042390374	0.0	0.0	11.0095760963	0.0	0.0	0.0	1.0	0.859042390374	1.0
196	19.6	10.0	8.60444287246	0.0	0.0	11.0955571275	0.0	0.0	0.0	1.0	0.860444287246	1.0
197	19.7	10.0	8.61832241501	0.0	0.0	11.181677585	0.0	0.0	0.0	1.0	0.861832241501	1.0
198	19.8	10.0	8.63206391807	0.0	0.0	11.2679360819	0.0	0.0	0.0	1.0	0.863206391807	1.0
199	19.9	10.0	8.64566875452	0.0	0.0	11.3543312455	0.0	0.0	0.0	1.0	0.864566875452	1.0
200	20.0	10.0	8.6591382836	0.0	0.0	11.4408617164	0.0	0.0	0.0	1.0	0.86591382836	1.0
201	20.1	10.0	8.672473851	0.0	0.0	11.527526149	0.0	0.0	0.0	1.0	0.8672473851	1.0
202	20.2	10.0	8.68567678907	0.0	0.0	11.6143232109	0.0	0.0	0.0	1.0	0.868567678907	1.0
203	20.3	10.0	8.69874841686	0.0	0.0	11.7012515831	0.0	0.0	0.0	1.0	0.869874841686	1.0
204	20.4	10.0	8.71169004034	0.0	0.0	11.7883099597	0.0	0.0	0.0	1.0	0.871169004034	1.0
205	20.5	10.0	8.72450295246	0.0	0.0	11.8754970475	0.0	0.0	0.0	1.0	0.872450295246	1.0
206	20.6	10.0	8.73718843335	0.0	0.0	11.9628115666	0.0	0.0	0.0	1.0	0.873718843335	1.0
207	20.7	10.0	8.74974775038	0.0	0.0	12.0502522496	0.0	0.0	0.0	1.0	0.874974775038	1.0
208	20.8	10.0	8.76218215831	0.0	0.0	12.1378178417	0.0	0.0	0.0	1.0	0.876218215831	1.0
209	20.9	10.0	8.77449289943	0.0	0.0	12.2255071006	0.0	0.0	0.0	1.0	0.877449289943	1.0
210	21.0	10.0	8.78668120369	0.0	0.0	12.3133187963	0.0	0.0	0.0	1.0	0.878668120369	1.0
211	21.1	10.0	8.79874828878	0.0	0.0	12.4012517112	0.0	0.0	0.0	1.0	0.879874828878	1.0
212	21.2	10.0	8.8106953603	0.0	0.0	12.4893046397	0.0	0.0	0.0	1.0	0.88106953603	1.0
213	21.3	10.0	8.82252361185	0.0	0.0	12.5774763882	0.0	0.0	0.0	1.0	0.882252361185	1.0
214	21.4	10.0	8.83423422515	0.0	0.0	12.6657657748	0.0	0.0	0.0	1.0	0.883423422515	1.0
215	21.5	10.0	8.8458283702	0.0	0.0	12.7541716298	0.0	0.0	0.0	1.0	0.88458283702	1.0
216	21.6	10.0	8.85730720532	0.0	0.0	12.8426927947	0.0	0.0	0.0	1.0	0.885730720532	1.0
217	21.7	10.0	8.86867187733	0.0	0.0	12.9313281227	0.0	0.0	0.0	1.0	0.886867187733	1.0
218	21.8	10.0	8.87992352166	0.0	0.0	13.0200764783	0.0	0.0	0.0	1.0	0.887992352166	1.0
219	21.9	10.0	8.89106326243	0.0	0.0	13.1089367376	0.0	0.0	0.0	1.0	0.889106326243	1.0
220	22.0	10.0	8.90209221257	0.0	0.0	13.1979077874	0.0	0.0	0.0	1.0	0.890209221257	1.0
221	22.1	10.0	8.91301147396	0.0	0.0	13.286988526	0.0	0.0	0.0	1.0	0.891301147396	1.0
222	22.2	10.0	8.92382213752	0.0	0.0	13.3761778625	0.0	0.0	0.0	1.0	0.892382213752	1.0
223	22.3	10.0	8.93452528331	0.0	0.0	13.4654747167	0.0	0.0	0.0	1.0	0.893452528331	1.0
224	22.4	10.0	8.94512198065	0.0	0.0	13.5548780194	0.0	0.0	0.0	1.0	0.894512198065	1.0
225	22.5	10.0	8.95561328822	0.0	0.0	13.6443867118	0.0	0.0	0.0	1.0	0.895561328822	1.0
226	22.6	10.0	8.9660002542	0.0	0.0	13.7339997458	0.0	0.0	0.0	1.0	0.89660002542	1.0
227	22.7	10.0	8.97628391631	0.0	0.0	13.8237160837	0.0	0.0	0.0	1.0	0.897628391631	1.0
228	22.8	10.0	8.98646530196	0.0	0.0	13.913534698	0.0	0.0	0.0	1.0	0.898646530196	1.0
229	22.9	10.0	8.99654542835	0.0	0.0	14.0034545716	0.0	0.0	0.0	1.0	0.899654542835	1.0
230	23.0	10.0	9.00652530256	0.0	0.0	14.0934746974	0.0	0.0	0.0	1.0	0.900652530256	1.0
231	23.1	10.0	9.01640592164	0.0	0.0	14.1835940784	0.0	0.0	0.0	1.0	0.901640592164	1.0
232	23.2	10.0	9.02618827275	0.0	0.0	14.2738117272	0.0	0.0	0.0	1.0	0.902618827275	1.0
233	23.3	10.0	9.03587333322	0.0	0.0	14.3641266668	0.0	0.0	0.0	1.0	0.903587333322	1.0
234	23.4	10.0	9.04546207064	0.0	0.0	14.4545379294	0.0	0.0	0.0	1.0	0.904546207064	1.0
235	23.5	10.0	9.054955443	0.0	0.0	14.545044557	0.0	0.0	0.0	1.0	0.9054955443	1.0
236	23.6	10.0	9.06435439876	0.0	0.0	14.6356456012	0.0	0.0	0.0	1.0	0.906435439876	1.0
237	23.7	10.0	9.07365987695	0.0	0.0	14.726340123	0.0	0.0	0.0	1.0	0.907365987695	1.0
238	23.8	10.0	9.08287280725	0.0	0.0	14.8171271928	0.0	0.0	0.0	1.0	0.908287280725	1.0
239	23.9	10.0	9.09199411009	0.0	0.0	14.9080058899	0.0	0.0	0.0	1.0	0.909199411009	1.0
240	24.0	10.0	9.10102469676	0.0	0.0	14.9989753032	0.0	0.0	0.0	1.0	0.910102469676	1.0
241	24.1	10.0	9.10996546948	0.0	0.0	15.0900345305	0.0	0.0	0.0	1.0	0.910996546948	1.0
242	24.2	10.0	9.1188173215	0.0	0.0	15.1811826785	0.0	0.0	0.0	1.0	0.91188173215	1.0
243	24.3	10.0	9.12758113717	0.0	0.0	15.2724188628	0.0	0.0	0.0	1.0	0.912758113717	1.0
244	24.4	10.0	9.13625779208	0.0	0.0	15.3637422079	0.0	0.0	0.0	1.0	0.913625779208	1.0
245	24.5	10.0	9.14484815308	0.0	0.0	15.4551518469	0.0	0.0	0.0	1.0	0.914484815308	1.0
246	24.6	10.0	9.1533530784	0.0	0.0	15.5466469216	0.0	0.0	0.0	1.0	0.91533530784	1.0
247	24.7	10.0	9.16177341776	0.0	0.0	15.6382265822	0.0	0.0	0.0	1.0	0.916177341776	1.0
248	24.8	10.0	9.17011001239	0.0	0.0	15.7298899876	0.0	0.0	0.0	1.0	0.917011001239	1.0
249	24.9	10.0	9.1783636952	0.0	0.0	15.8216363048	0.0	0.0	0.0	1.0	0.91783636952	1.0
250	25.0	10.0	9.18653529077	0.0	0.0	15.9134647092	0.0	0.0	0.0	1.0	0.918653529077	1.0
251	25.1	10.0	9.19462561552	0.0	0.0	16.0053743845	0.0	0.0	0.0	1.0	0.919462561552	1.0
252	25.2	10.0	9.20263547771	0.0	0.0	16.0973645223	0.0	0.0	0.0	1.0	0.920263547771	1.0
253	25.3	10.0	9.2105656776	0.0	0.0	16.1894343224	0.0	0.0	0.0	1.0	0.92105656776	1.0
254	25.4	10.0	9.21841700747	0.0	0.0	16.2815829925	0.0	0.0	0.0	1.0	0.921841700747	1.0
255	25.5	10.0	9.22619025172	0.0	0.0	16.3738097483	0.0	0.0	0.0	1.0	0.922619025172	1.0
256	25.6	10.0	9.23388618695	0.0	0.0	16.4661138131	0.0	0.0	0.0	1.0	0.923388618695	1.0
257	25.7	10.0	9.24150558204	0.0	0.0	16.558494418	0.0	0.0	0.0	1.0	0.924150558204	1.0
258	25.8	10.0	9.24904919822	0.0	0.0	16.6509508018	0.0	0.0	0.0	1.0	0.924904919822	1.0
259	25.9	10.0	9.25651778917	0.0	0.0	16.7434822108	0.0	0.0	0.0	1.0	0.925651778917	1.0
260	26.0	10.0	9.26391210103	0.0	0.0	16.836087899	0.0	0.0	0.0	1.0	0.926391210103	1.0
261	26.1	10.0	9.27123287255	0.0	0.0	16.9287671274	0.0	0.0	0.0	1.0	0.927123287255	1.0
262	26.2	10.0	9.27848083514	0.0	0.0	17.0215191649	0.0	0.0	0.0	1.0	0.927848083514	1.0
263	26.3	10.0	9.28565671291	0.0	0.0	17.1143432871	0.0	0.0	0.0	1.0	0.928565671291	1.0
264	26.4	10.0	9.29276122278	0.0	0.0	17.2072387772	0.0	0.0	0.0	1.0	0.929276122278	1.0
265	26.5	10.0	9.29979507455	0.0	0.0	17.3002049255	0.0	0.0	0.0	1.0	0.929979507455	1.0
266	26.6	10.0	9.30675897095	0.0	0.0	17.3932410291	0.0	0.0	0.0	1.0	0.930675897095	1.0
267	26.7	10.0	9.31365360771	0.0	0.0	17.4863463923	0.0	0.0	0.0	1.0	0.931365360771	1.0
268	26.8	10.0	9.32047967367	0.0	0.0	17.5795203263	0.0	0.0	0.0	1.0	0.932047967367	1.0
269	26.9	10.0	9.3272378508	0.0	0.0	17.6727621492	0.0	0.0	0.0	1.0	0.93272378508	1.0
270	27.0	10.0	9.33392881427	0.0	0.0	17.7660711857	0.0	0.0	0.0	1.0	0.933392881427	1.0
271	27.1	10.0	9.34055323258	0.0	0.0	17.8594467674	0.0	0.0	0.0	1.0	0.934055323258	1.0
272	27.2	10.0	9.34711176755	0.0	0.0	17.9528882325	0.0	0.0	0.0	1.0	0.934711176755	1.0
273	27.3	10.0	9.35360507441	0.0	0.0	18.0463949256	0.0	0.0	0.0	1.0	0.935360507441	1.0
274	27.4	10.0	9.3600338019	0.0	0.0	18.1399661981	0.0	0.0	0.0	1.0	0.93600338019	1.0
275	27.5	10.0	9.36639859229	0.0	0.0	18.2336014077	0.0	0.0	0.0	1.0	0.936639859229	1.0
276	27.6	10.0	9.37270008147	0.0	0.0	18.3272999185	0.0	0.0	0.0	1.0	0.937270008147	1.0
277	27.7	10.0	9.378938899	0.0	0.0	18.421061101	0.0	0.0	0.0	1.0	0.9378938899	1.0
278	27.8	10.0	9.38511566819	0.0	0.0	18.5148843318	0.0	0.0	0.0	1.0	0.938511566819	1.0
279	27.9	10.0	9.39123100614	0.0	0.0	18.6087689939	0.0	0.0	0.0	1.0	0.939123100614	1.0
280	28.0	10.0	9.3972855238	0.0	0.0	18.7027144762	0.0	0.0	0.0	1.0	0.93972855238	1.0
281	28.1	10.0	9.40327982608	0.0	0.0	18.7967201739	0.0	0.0	0.0	1.0	0.940327982608	1.0
282	28.2	10.0	9.40921451184	0.0	0.0	18.8907854882	0.0	0.0	0.0	1.0	0.940921451184	1.0
283	28.3	10.0	9.41509017401	0.0	0.0	18.984909826	0.0	0.0	0.0	1.0	0.941509017401	1.0
284	28.4	10.0	9.42090739959	0.0	0.0	19.0790926004	0.0	0.0	0.0	1.0	0.942090739959	1.0
285	28.5	10.0	9.42666676978	0.0	0.0	19.1733332302	0.0	0.0	0.0	1.0	0.942666676978	1.0
286	28.6	10.0	9.43236885997	0.0	0.0	19.26763114	0.0	0.0	0.0	1.0	0.943236885997	1.0
287	28.7	10.0	9.43801423985	0.0	0.0	19.3619857602	0.0	0.0	0.0	1.0	0.943801423985	1.0
288	28.8	10.0	9.44360347342	0.0	0.0	19.4563965266	0.0	0.0	0.0	1.0	0.944360347342	1.0
289	28.9	10.0	9.44913711909	0.0	0.0	19.5508628809	0.0	0.0	0.0	1.0	0.944913711909	1.0
290	29.0	10.0	9.45461572972	0.0	0.0	19.6453842703	0.0	0.0	0.0	1.0	0.945461572972	1.0
291	29.1	10.0	9.46003985265	0.0	0.0	19.7399601474	0.0	0.0	0.0	1.0	0.946003985265	1.0
292	29.2	10.0	9.46541002978	0.0	0.0	19.8345899702	0.0	0.0	0.0	1.0	0.946541002978	1.0
293	29.3	10.0	9.47072679765	0.0	0.0	19.9292732024	0.0	0.0	0.0	1.0	0.947072679765	1.0
294	29.4	10.0	9.47599068742	0.0	0.0	20.0240093126	0.0	0.0	0.0	1.0	0.947599068742	1.0
295	29.5	10.0	9.48120222501	0.0	0.0	20.118797775	0.0	0.0	0.0	1.0	0.948120222501	1.0
296	29.6	10.0	9.48636193108	0.0	0.0	20.2136380689	0.0	0.0	0.0	1.0	0.948636193108	1.0
297	29.7	10.0	9.49147032111	0.0	0.0	20.3085296789	0.0	0.0	0.0	1.0	0.949147032111	1.0
298	29.8	10.0	9.49652790549	0.0	0.0	20.4034720945	0.0	0.0	0.0	1.0	0.949652790549	1.0
299	29.9	10.0	9.50153518948	0.0	0.0	20.4984648105	0.0	0.0	0.0	1.0	0.950153518948	1.0
300	30.0	10.0	9.50649267336	0.0	0.0	20.5935073266	0.0	0.0	0.0	1.0	0.950649267336	1.0
301	30.1	10.0	9.51140085241	0.0	0.0	20.6885991476	0.0	0.0	0.0	1.0	0.951140085241	1.0
302	30.2	10.0	9.516260217	0.0	0.0	20.783739783	0.0	0.0	0.0	1.0	0.9516260217	1.0
303	30.3	10.0	9.52107125261	0.0	0.0	20.8789287474	0.0	0.0	0.0	1.0	0.952107125261	1.0
304	30.4	10.0	9.52583443989	0.0	0.0	20.9741655601	0.0	0.0	0.0	1.0	0.952583443989	1.0
305	30.5	10.0	9.53055025473	0.0	0.0	21.0694497453	0.0	0.0	0.0	1.0	0.953055025473	1.0
306	30.6	10.0	9.53521916826	0.0	0.0	21.1647808317	0.0	0.0	0.0	1.0	0.953521916826	1.0
307	30.7	10.0	9.53984164694	0.0	0.0	21.2601583531	0.0	0.0	0.0	1.0	0.953984164694	1.0
308	30.8	10.0	9.54441815258	0.0	0.0	21.3555818474	0.0	0.0	0.0	1.0	0.954441815258	1.0
309	30.9	10.0	9.54894914243	0.0	0.0	21.4510508576	0.0	0.0	0.0	1.0	0.954894914243	1.0
310	31.0	10.0	9.55343506914	0.0	0.0	21.5465649309	0.0	0.0	0.0	1.0	0.955343506914	1.0
311	31.1	10.0	9.55787638091	0.0	0.0	21.6421236191	0.0	0.0	0.0	1.0	0.955787638091	1.0
312	31.2	10.0	9.56227352143	0.0	0.0	21.7377264786	0.0	0.0	0.0	1.0	0.956227352143	1.0
313	31.3	10.0	9.56662693003	0.0	0.0	21.83337307	0.0	0.0	0.0	1.0	0.956662693003	1.0
314	31.4	10.0	9.57093704164	0.0	0.0	21.9290629584	0.0	0.0	0.0	1.0	0.957093704164	1.0
315	31.5	10.0	9.57520428686	0.0	0.0	22.0247957131	0.0	0.0	0.0	1.0	0.957520428686	1.0
316	31.6	10.0	9.57942909203	0.0	0.0	22.120570908	0.0	0.0	0.0	1.0	0.957942909203	1.0
317	31.7	10.0	9.58361187923	0.0	0.0	22.2163881208	0.0	0.0	0.0	1.0	0.958361187923	1.0
318	31.8	10.0	9.58775306635	0.0	0.0	22.3122469336	0.0	0.0	0.0	1.0	0.958775306635	1.0
319	31.9	10.0	9.59185306713	0.0	0.0	22.4081469329	0.0	0.0	0.0	1.0	0.959185306713	1.0
320	32.0	10.0	9.59591229118	0.0	0.0	22.5040877088	0.0	0.0	0.0	1.0	0.959591229118	1.0
321	32.1	10.0	9.59993114405	0.0	0.0	22.6000688559	0.0	0.0	0.0	1.0	0.959993114405	1.0
322	32.2	10.0	9.60391002725	0.0	0.0	22.6960899727	0.0	0.0	0.0	1.0	0.960391002725	1.0
323	32.3	10.0	9.60784933831	0.0	0.0	22.7921506617	0.0	0.0	0.0	1.0	0.960784933831	1.0
324	32.4	10.0	9.61174947077	0.0	0.0	22.8882505292	0.0	0.0	0.0	1.0	0.961174947077	1.0
325	32.5	10.0	9.6156108143	0.0	0.0	22.9843891857	0.0	0.0	0.0	1.0	0.96156108143	1.0
326	32.6	10.0	9.61943375467	0.0	0.0	23.0805662453	0.0	0.0	0.0	1.0	0.961943375467	1.0
327	32.7	10.0	9.62321867382	0.0	0.0	23.1767813262	0.0	0.0	0.0	1.0	0.962321867382	1.0
328	32.8	10.0	9.62696594988	0.0	0.0	23.2730340501	0.0	0.0	0.0	1.0	0.962696594988	1.0
329	32.9	10.0	9.63067595724	0.0	0.0	23.3693240428	0.0	0.0	0.0	1.0	0.963067595724	1.0
330	33.0	10.0	9.63434906656	0.0	0.0	23.4656509334	0.0	0.0	0.0	1.0	0.963434906656	1.0
331	33.1	10.0	9.6379856448	0.0	0.0	23.5620143552	0.0	0.0	0.0	1.0	0.96379856448	1.0
332	33.2	10.0	9.64158605528	0.0	0.0	23.6584139447	0.0	0.0	0.0	1.0	0.964158605528	1.0
333	33.3	10.0	9.6451506577	0.0	0.0	23.7548493423	0.0	0.0	0.0	1.0	0.96451506577	1.0
334	33.4	10.0	9.64867980821	0.0	0.0	23.8513201918	0.0	0.0	0.0	1.0	0.964867980821	1.0
335	33.5	10.0	9.65217385937	0.0	0.0	23.9478261406	0.0	0.0	0.0	1.0	0.965217385937	1.0
336	33.6	10.0	9.65563316028	0.0	0.0	24.0443668397	0.0	0.0	0.0	1.0	0.965563316028	1.0
337	33.7	10.0	9.65905805654	0.0	0.0	24.1409419435	0.0	0.0	0.0	1.0	0.965905805654	1.0
338	33.8	10.0	9.66244889033	0.0	0.0	24.2375511097	0.0	0.0	0.0	1.0	0.966244889033	1.0
339	33.9	10.0	9.6658060004	0.0	0.0	24.3341939996	0.0	0.0	0.0	1.0	0.96658060004	1.0
340	34.0	10.0	9.66912972217	0.0	0.0	24.4308702778	0.0	0.0	0.0	1.0	0.966912972217	1.0
341	34.1	10.0	9.67242038769	0.0	0.0	24.5275796123	0.0	0.0	0.0	1.0	0.967242038769	1.0
342	34.2	10.0	9.67567832572	0.0	0.0	24.6243216743	0.0	0.0	0.0	1.0	0.967567832572	1.0
343	34.3	10.0	9.67890386175	0.0	0.0	24.7210961382	0.0	0.0	0.0	1.0	0.967890386175	1.0
344	34.4	10.0	9.68209731804	0.0	0.0	24.817902682	0.0	0.0	0.0	1.0	0.968209731804	1.0
345	34.5	10.0	9.68525901364	0.0	0.0	24.9147409864	0.0	0.0	0.0	1.0	0.968525901364	1.0
346	34.6	10.0	9.68838926442	0.0	0.0	25.0116107356	0.0	0.0	0.0	1.0	0.968838926442	1.0
347	34.7	10.0	9.69148838312	0.0	0.0	25.1085116169	0.0	0.0	0.0	1.0	0.969148838312	1.0
348	34.8	10.0	9.69455667935	0.0	0.0	25.2054433206	0.0	0.0	0.0	1.0	0.969455667935	1.0
349	34.9	10.0	9.69759445967	0.0	0.0	25.3024055403	0.0	0.0	0.0	1.0	0.969759445967	1.0
350	35.0	10.0	9.70060202757	0.0	0.0	25.3993979724	0.0	0.0	0.0	1.0	0.970060202757	1.0
351	35.1	10.0	9.70357968352	0.0	0.0	25.4964203165	0.0	0.0	0.0	1.0	0.970357968352	1.0
352	35.2	10.0	9.70652772502	0.0	0.0	25.593472275	0.0	0.0	0.0	1.0	0.970652772502	1.0
353	35.3	10.0	9.70944644659	0.0	0.0	25.6905535534	0.0	0.0	0.0	1.0	0.970944644659	1.0
354	35.4	10.0	9.71233613983	0.0	0.0	25.7876638602	0.0	0.0	0.0	1.0	0.971233613983	1.0
355	35.5	10.0	9.71519709346	0.0	0.0	25.8848029065	0.0	0.0	0.0	1.0	0.971519709346	1.0
356	35.6	10.0	9.71802959328	0.0	0.0	25.9819704067	0.0	0.0	0.0	1.0	0.971802959328	1.0
357	35.7	10.0	9.7208339223	0.0	0.0	26.0791660777	0.0	0.0	0.0	1.0	0.97208339223	1.0
358	35.8	10.0	9.72361036069	0.0	0.0	26.1763896393	0.0	0.0	0.0	1.0	0.972361036069	1.0
359	35.9	10.0	9.72635918582	0.0	0.0	26.2736408142	0.0	0.0	0.0	1.0	0.972635918582	1.0
360	36.0	10.0	9.72908067232	0.0	0.0	26.3709193277	0.0	0.0	0.0	1.0	0.972908067232	1.0
361	36.1	10.0	9.7317750921	0.0	0.0	26.4682249079	0.0	0.0	0.0	1.0	0.97317750921	1.0
362	36.2	10.0	9.73444271434	0.0	0.0	26.5655572857	0.0	0.0	0.0	1.0	0.973444271434	1.0
363	36.3	10.0	9.73708380556	0.0	0.0	26.6629161944	0.0	0.0	0.0	1.0	0.973708380556	1.0
364	36.4	10.0	9.73969862962	0.0	0.0	26.7603013704	0.0	0.0	0.0	1.0	0.973969862962	1.0
365	36.5	10.0	9.74228744776	0.0	0.0	26.8577125522	0.0	0.0	0.0	1.0	0.974228744776	1.0
366	36.6	10.0	9.74485051862	0.0	0.0	26.9551494814	0.0	0.0	0.0	1.0	0.974485051862	1.0
367	36.7	10.0	9.74738809827	0.0	0.0	27.0526119017	0.0	0.0	0.0	1.0	0.974738809827	1.0
368	36.8	10.0	9.74990044023	0.0	0.0	27.1500995598	0.0	0.0	0.0	1.0	0.974990044023	1.0
369	36.9	10.0	9.7523877955	0.0	0.0	27.2476122045	0.0	0.0	0.0	1.0	0.97523877955	1.0
370	37.0	10.0	9.75485041259	0.0	0.0	27.3451495874	0.0	0.0	0.0	1.0	0.975485041259	1.0
371	37.1	10.0	9.75728853752	0.0	0.0	27.4427114625	0.0	0.0	0.0	1.0	0.975728853752	1.0
372	37.2	10.0	9.75970241389	0.0	0.0	27.5402975861	0.0	0.0	0.0	1.0	0.975970241389	1.0
373	37.3	10.0	9.76209228286	0.0	0.0	27.6379077171	0.0	0.0	0.0	1.0	0.976209228286	1.0
374	37.4	10.0	9.76445838319	0.0	0.0	27.7355416168	0.0	0.0	0.0	1.0	0.976445838319	1.0
375	37.5	10.0	9.76680095127	0.0	0.0	27.8331990487	0.0	0.0	0.0	1.0	0.976680095127	1.0
376	37.6	10.0	9.76912022114	0.0	0.0	27.9308797789	0.0	0.0	0.0	1.0	0.976912022114	1.0
377	37.7	10.0	9.77141642452	0.0	0.0	28.0285835755	0.0	0.0	0.0	1.0	0.977141642452	1.0
378	37.8	10.0	9.7736897908	0.0	0.0	28.1263102092	0.0	0.0	0.0	1.0	0.97736897908	1.0
379	37.9	10.0	9.77594054712	0.0	0.0	28.2240594529	0.0	0.0	0.0	1.0	0.977594054712	1.0
380	38.0	10.0	9.77816891833	0.0	0.0	28.3218310817	0.0	0.0	0.0	1.0	0.977816891833	1.0
381	38.1	10.0	9.78037512708	0.0	0.0	28.4196248729	0.0	0.0	0.0	1.0	0.978037512708	1.0
382	38.2	10.0	9.78255939377	0.0	0.0	28.5174406062	0.0	0.0	0.0	1.0	0.978255939377	1.0
383	38.3	10.0	9.78472193664	0.0	0.0	28.6152780634	0.0	0.0	0.0	1.0	0.978472193664	1.0
384	38.4	10.0	9.78686297172	0.0	0.0	28.7131370283	0.0	0.0	0.0	1.0	0.978686297172	1.0
385	38.5	10.0	9.78898271294	0.0	0.0	28.8110172871	0.0	0.0	0.0	1.0	0.978898271294	1.0
386	38.6	10.0	9.79108137205	0.0	0.0	28.9089186279	0.0	0.0	0.0	1.0	0.979108137205	1.0
387	38.7	10.0	9.79315915874	0.0	0.0	29.0068408413	0.0	0.0	0.0	1.0	0.979315915874	1.0
388	38.8	10.0	9.7952162806	0.0	0.0	29.1047837194	0.0	0.0	0.0	1.0	0.97952162806	1.0
389	38.9	10.0	9.79725294313	0.0	0.0	29.2027470569	0.0	0.0	0.0	1.0	0.979725294313	1.0
390	39.0	10.0	9.79926934982	0.0	0.0	29.3007306502	0.0	0.0	0.0	1.0	0.979926934982	1.0
391	39.1	10.0	9.80126570212	0.0	0.0	29.3987342979	0.0	0.0	0.0	1.0	0.980126570212	1.0
392	39.2	10.0	9.80324219948	0.0	0.0	29.4967578005	0.0	0.0	0.0	1.0	0.980324219948	1.0
393	39.3	10.0	9.80519903937	0.0	0.0	29.5948009606	0.0	0.0	0.0	1.0	0.980519903937	1.0
394	39.4	10.0	9.80713641728	0.0	0.0	29.6928635827	0.0	0.0	0.0	1.0	0.980713641728	1.0
395	39.5	10.0	9.80905452679	0.0	0.0	29.7909454732	0.0	0.0	0.0	1.0	0.980905452679	1.0
396	39.6	10.0	9.81095355951	0.0	0.0	29.8890464405	0.0	0.0	0.0	1.0	0.981095355951	1.0
397	39.7	10.0	9.81283370517	0.0	0.0	29.9871662948	0.0	0.0	0.0	1.0	0.981283370517	1.0
398	39.8	10.0	9.81469515162	0.0	0.0	30.0853048484	0.0	0.0	0.0	1.0	0.981469515162	1.0
399	39.9	10.0	9.81653808483	0.0	0.0	30.1834619152	0.0	0.0	0.0	1.0	0.981653808483	1.0
400	40.0	10.0	9.81836268892	0.0	0.0	30.2816373111	0.0	0.0	0.0	1.0	0.981836268892	1.0
401	40.1	10.0	9.82016914617	0.0	0.0	30.3798308538	0.0	0.0	0.0	1.0	0.982016914617	1.0
402	40.2	10.0	9.82195763707	0.0	0.0	30.4780423629	0.0	0.0	0.0	1.0	0.982195763707	1.0
403	40.3	10.0	9.8237283403	0.0	0.0	30.5762716597	0.0	0.0	0.0	1.0	0.98237283403	1.0
404	40.4	10.0	9.82548143277	0.0	0.0	30.6745185672	0.0	0.0	0.0	1.0	0.982548143277	1.0
405	40.5	10.0	9.82721708962	0.0	0.0	30.7727829104	0.0	0.0	0.0	1.0	0.982721708962	1.0
406	40.6	10.0	9.82893548425	0.0	0.0	30.8710645157	0.0	0.0	0.0	1.0	0.982893548425	1.0
407	40.7	10.0	9.83063678835	0.0	0.0	30.9693632116	0.0	0.0	0.0	1.0	0.983063678835	1.0
408	40.8	10.0	9.83232117189	0.0	0.0	31.0676788281	0.0	0.0	0.0	1.0	0.983232117189	1.0
409	40.9	10.0	9.83398880315	0.0	0.0	31.1660111969	0.0	0.0	0.0	1.0	0.983398880315	1.0
410	41.0	10.0	9.83563984873	0.0	0.0	31.2643601513	0.0	0.0	0.0	1.0	0.983563984873	1.0
411	41.1	10.0	9.83727447359	0.0	0.0	31.3627255264	0.0	0.0	0.0	1.0	0.983727447359	1.0
412	41.2	10.0	9.83889284104	0.0	0.0	31.461107159	0.0	0.0	0.0	1.0	0.983889284104	1.0
413	41.3	10.0	9.84049511277	0.0	0.0	31.5595048872	0.0	0.0	0.0	1.0	0.984049511277	1.0
414	41.4	10.0	9.84208144885	0.0	0.0	31.6579185511	0.0	0.0	0.0	1.0	0.984208144885	1.0
415	41.5	10.0	9.84365200777	0.0	0.0	31.7563479922	0.0	0.0	0.0	1.0	0.984365200777	1.0
416	41.6	10.0	9.84520694644	0.0	0.0	31.8547930536	0.0	0.0	0.0	1.0	0.984520694644	1.0
417	41.7	10.0	9.84674642021	0.0	0.0	31.9532535798	0.0	0.0	0.0	1.0	0.984674642021	1.0
418	41.8	10.0	9.84827058288	0.0	0.0	32.0517294171	0.0	0.0	0.0	1.0	0.984827058288	1.0
419	41.9	10.0	9.84977958673	0.0	0.0	32.1502204133	0.0	0.0	0.0	1.0	0.984977958673	1.0
420	42.0	10.0	9.85127358252	0.0	0.0	32.2487264175	0.0	0.0	0.0	1.0	0.985127358252	1.0
421	42.1	10.0	9.85275271951	0.0	0.0	32.3472472805	0.0	0.0	0.0	1.0	0.985275271951	1.0
422	42.2	10.0	9.85421714547	0.0	0.0	32.4457828545	0.0	0.0	0.0	1.0	0.985421714547	1.0
423	42.3	10.0	9.85566700671	0.0	0.0	32.5443329933	0.0	0.0	0.0	1.0	0.985566700671	1.0
424	42.4	10.0	9.85710244809	0.0	0.0	32.6428975519	0.0	0.0	0.0	1.0	0.985710244809	1.0
425	42.5	10.0	9.858523613	0.0	0.0	32.741476387	0.0	0.0	0.0	1.0	0.9858523613	1.0
426	42.6	10.0	9.85993064345	0.0	0.0	32.8400693566	0.0	0.0	0.0	1.0	0.985993064345	1.0
427	42.7	10.0	9.86132367999	0.0	0.0	32.93867632	0.0	0.0	0.0	1.0	0.986132367999	1.0
428	42.8	10.0	9.86270286181	0.0	0.0	33.0372971382	0.0	0.0	0.0	1.0	0.986270286181	1.0
429	42.9	10.0	9.8640683267	0.0	0.0	33.1359316733	0.0	0.0	0.0	1.0	0.98640683267	1.0
430	43.0	10.0	9.86542021107	0.0	0.0	33.2345797889	0.0	0.0	0.0	1.0	0.986542021107	1.0
431	43.1	10.0	9.86675864998	0.0	0.0	33.33324135	0.0	0.0	0.0	1.0	0.986675864998	1.0
432	43.2	10.0	9.86808377716	0.0	0.0	33.4319162228	0.0	0.0	0.0	1.0	0.986808377716	1.0
433	43.3	10.0	9.869395725	0.0	0.0	33.530604275	0.0	0.0	0.0	1.0	0.9869395725	1.0
434	43.4	10.0	9.87069462456	0.0	0.0	33.6293053754	0.0	0.0	0.0	1.0	0.987069462456	1.0
435	43.5	10.0	9.87198060562	0.0	0.0	33.7280193944	0.0	0.0	0.0	1.0	0.987198060562	1.0
436	43.6	10.0	9.87325379666	0.0	0.0	33.8267462033	0.0	0.0	0.0	1.0	0.987325379666	1.0
437	43.7	10.0	9.87451432488	0.0	0.0	33.9254856751	0.0	0.0	0.0	1.0	0.987451432488	1.0
438	43.8	10.0	9.87576231621	0.0	0.0	34.0242376838	0.0	0.0	0.0	1.0	0.987576231621	1.0
439	43.9	10.0	9.87699789533	0.0	0.0	34.1230021047	0.0	0.0	0.0	1.0	0.987699789533	1.0
440	44.0	10.0	9.8782211857	0.0	0.0	34.2217788143	0.0	0.0	0.0	1.0	0.98782211857	1.0
441	44.1	10.0	9.87943230952	0.0	0.0	34.3205676905	0.0	0.0	0.0	1.0	0.987943230952	1.0
442	44.2	10.0	9.88063138779	0.0	0.0	34.4193686122	0.0	0.0	0.0	1.0	0.988063138779	1.0
443	44.3	10.0	9.88181854032	0.0	0.0	34.5181814597	0.0	0.0	0.0	1.0	0.988181854032	1.0
444	44.4	10.0	9.8829938857	0.0	0.0	34.6170061143	0.0	0.0	0.0	1.0	0.98829938857	1.0
445	44.5	10.0	9.88415754137	0.0	0.0	34.7158424586	0.0	0.0	0.0	1.0	0.988415754137	1.0
446	44.6	10.0	9.88530962357	0.0	0.0	34.8146903764	0.0	0.0	0.0	1.0	0.988530962357	1.0
447	44.7	10.0	9.88645024741	0.0	0.0	34.9135497526	0.0	0.0	0.0	1.0	0.988645024741	1.0
448	44.8	10.0	9.88757952685	0.0	0.0	35.0124204731	0.0	0.0	0.0	1.0	0.988757952685	1.0
449	44.9	10.0	9.88869757472	0.0	0.0	35.1113024253	0.0	0.0	0.0	1.0	0.988869757472	1.0
450	45.0	10.0	9.8898045027	0.0	0.0	35.2101954973	0.0	0.0	0.0	1.0	0.98898045027	1.0
451	45.1	10.0	9.89090042139	0.0	0.0	35.3090995786	0.0	0.0	0.0	1.0	0.989090042139	1.0
452	45.2	10.0	9.89198544028	0.0	0.0	35.4080145597	0.0	0.0	0.0	1.0	0.989198544028	1.0
453	45.3	10.0	9.89305966778	0.0	0.0	35.5069403322	0.0	0.0	0.0	1.0	0.989305966778	1.0
454	45.4	10.0	9.8941232112	0.0	0.0	35.6058767888	0.0	0.0	0.0	1.0	0.98941232112	1.0
455	45.5	10.0	9.89517617681	0.0	0.0	35.7048238232	0.0	0.0	0.0	1.0	0.989517617681	1.0
456	45.6	10.0	9.89621866979	0.0	0.0	35.8037813302	0.0	0.0	0.0	1.0	0.989621866979	1.0
457	45.7	10.0	9.89725079431	0.0	0.0	35.9027492057	0.0	0.0	0.0	1.0	0.989725079431	1.0
458	45.8	10.0	9.89827265348	0.0	0.0	36.0017273465	0.0	0.0	0.0	1.0	0.989827265348	1.0
459	45.9	10.0	9.89928434938	0.0	0.0	36.1007156506	0.0	0.0	0.0	1.0	0.989928434938	1.0
460	46.0	10.0	9.90028598311	0.0	0.0	36.1997140169	0.0	0.0	0.0	1.0	0.990028598311	1.0
461	46.1	10.0	9.90127765472	0.0	0.0	36.2987223453	0.0	0.0	0.0	1.0	0.990127765472	1.0
462	46.2	10.0	9.90225946329	0.0	0.0	36.3977405367	0.0	0.0	0.0	1.0	0.990225946329	1.0
463	46.3	10.0	9.90323150692	0.0	0.0	36.4967684931	0.0	0.0	0.0	1.0	0.990323150692	1.0
464	46.4	10.0	9.90419388265	0.0	0.0	36.5958061173	0.0	0.0	0.0	1.0	0.990419388265	1.0
465	46.5	10.0	9.90514668658	0.0	0.0	36.6948533134	0.0	0.0	0.0	1.0	0.990514668658	1.0
466	46.6	10.0	9.90609001388	0.0	0.0	36.7939099861	0.0	0.0	0.0	1.0	0.990609001388	1.0
467	46.7	10.0	9.90702395882	0.0	0.0	36.8929760412	0.0	0.0	0.0	1.0	0.990702395882	1.0
468	46.8	10.0	9.9079486147	0.0	0.0	36.9920513853	0.0	0.0	0.0	1.0	0.99079486147	1.0
469	46.9	10.0	9.90886407389	0.0	0.0	37.0911359261	0.0	0.0	0.0	1.0	0.990886407389	1.0
470	47.0	10.0	9.90977042787	0.0	0.0	37.1902295721	0.0	0.0	0.0	1.0	0.990977042787	1.0
471	47.1	10.0	9.91066776719	0.0	0.0	37.2893322328	0.0	0.0	0.0	1.0	0.991066776719	1.0
472	47.2	10.0	9.9115561815	0.0	0.0	37.3884438185	0.0	0.0	0.0	1.0	0.99115561815	1.0
473	47.3	10.0	9.91243575956	0.0	0.0	37.4875642404	0.0	0.0	0.0	1.0	0.991243575956	1.0
474	47.4	10.0	9.91330658925	0.0	0.0	37.5866934107	0.0	0.0	0.0	1.0	0.991330658925	1.0
475	47.5	10.0	9.91416875757	0.0	0.0	37.6858312424	0.0	0.0	0.0	1.0	0.991416875757	1.0
476	47.6	10.0	9.91502235067	0.0	0.0	37.7849776493	0.0	0.0	0.0	1.0	0.991502235067	1.0
477	47.7	10.0	9.91586745381	0.0	0.0	37.8841325462	0.0	0.0	0.0	1.0	0.991586745381	1.0
478	47.8	10.0	9.91670415145	0.0	0.0	37.9832958486	0.0	0.0	0.0	1.0	0.991670415145	1.0
479	47.9	10.0	9.91753252717	0.0	0.0	38.0824674728	0.0	0.0	0.0	1.0	0.991753252717	1.0
480	48.0	10.0	9.91835266373	0.0	0.0	38.1816473363	0.0	0.0	0.0	1.0	0.991835266373	1.0
481	48.1	10.0	9.91916464307	0.0	0.0	38.2808353569	0.0	0.0	0.0	1.0	0.991916464307	1.0
482	48.2	10.0	9.91996854633	0.0	0.0	38.3800314537	0.0	0.0	0.0	1.0	0.991996854633	1.0
483	48.3	10.0	9.92076445381	0.0	0.0	38.4792355462	0.0	0.0	0.0	1.0	0.992076445381	1.0
484	48.4	10.0	9.92155244504	0.0	0.0	38.578447555	0.0	0.0	0.0	1.0	0.992155244504	1.0
485	48.5	10.0	9.92233259874	0.0	0.0	38.6776674013	0.0	0.0	0.0	1.0	0.992233259874	1.0
486	48.6	10.0	9.92310499286	0.0	0.0	38.7768950071	0.0	0.0	0.0	1.0	0.992310499286	1.0
487	48.7	10.0	9.92386970457	0.0	0.0	38.8761302954	0.0	0.0	0.0	1.0	0.992386970457	1.0
488	48.8	10.0	9.92462681027	0.0	0.0	38.9753731897	0.0	0.0	0.0	1.0	0.992462681027	1.0
489	48.9	10.0	9.92537638561	0.0	0.0	39.0746236144	0.0	0.0	0.0	1.0	0.992537638561	1.0
490	49.0	10.0	9.92611850546	0.0	0.0	39.1738814945	0.0	0.0	0.0	1.0	0.992611850546	1.0
491	49.1	10.0	9.92685324399	0.0	0.0	39.273146756	0.0	0.0	0.0	1.0	0.992685324399	1.0
492	49.2	10.0	9.9275806746	0.0	0.0	39.3724193254	0.0	0.0	0.0	1.0	0.99275806746	1.0
493	49.3	10.0	9.92830086996	0.0	0.0	39.47169913	0.0	0.0	0.0	1.0	0.992830086996	1.0
494	49.4	10.0	9.92901390203	0.0	0.0	39.570986098	0.0	0.0	0.0	1.0	0.992901390203	1.0
495	49.5	10.0	9.92971984205	0.0	0.0	39.670280158	0.0	0.0	0.0	1.0	0.992971984205	1.0
496	49.6	10.0	9.93041876055	0.0	0.0	39.7695812395	0.0	0.0	0.0	1.0	0.993041876055	1.0
497	49.7	10.0	9.93111072736	0.0	0.0	39.8688892726	0.0	0.0	0.0	1.0	0.993111072736	1.0
498	49.8	10.0	9.93179581161	0.0	0.0	39.9682041884	0.0	0.0	0.0	1.0	0.993179581161	1.0
499	49.9	10.0	9.93247408176	0.0	0.0	40.0675259182	0.0	0.0	0.0	1.0	0.993247408176	1.0
